Workbook

Sheet How to use
B1: Bill & EMI Due Date Tracker
B2: Rajput Lalit & Associates · www.rajputlalitassociates.in · WhatsApp +91 93549 53603
B4: Steps
A5: 1 | B5: List every bill and EMI once in 'My Bills': amount, the day of the month it is due and how often (Monthly, Quarterly, Half-yearly, Yearly). For non-monthly bills also give the month it is due.
A6: 2 | B6: The sheet works out the next due date for each one and sorts out what's due in the next 7 days.
A7: 3 | B7: Tick each payment in 'Paid Register' (Y) — you'll never wonder 'did I pay the electricity bill?' again.
A8: 4 | B8: 'Summary' shows what you commit every month and every year.
B10: Good to know
B11: • Credit card due date = the 'payment due date' on your statement, not the statement date.
B12: • Turn on auto-pay where you can, and mark it — the sheet still reminds you to keep money in the account.
B14: Cells shaded light yellow are for your entries. White cells contain formulas — please don't type over them.
B16: Licensed for use in your own business. Please do not resell or share publicly. This template is a working aid, not professional advice.

Sheet My Bills
A1: My Bills & EMIs
A2: Status updates every time you open the file
A4: Bill / EMI | B4: Category | C4: Amount (₹) | D4: Due day (1–31) | E4: How often | F4: Due month (non-monthly) | G4: Auto-pay? | H4: Next due date | I4: Days left | J4: Status
A5: Home loan EMI | B5: EMI | C5: 25000 | D5: 5 | E5: Monthly | G5: Y | H5: =IF(OR(A5="",N(D5)=0),"",IF(DATE(INT(((YEAR(TODAY())*12+MONTH(TODAY())-1)+MOD((IF(N(F5)=0,MONTH(TODAY()),F5)-1)-(YEAR(TODAY())*12+MONTH(TODAY())-1),IF(E5="Quarterly",3,IF(E5="Half-yearly",6,IF(E5="Yearly",12,1)))))/12),MOD(((YEAR(TODAY())*12+MONTH(TODAY())-1)+MOD((IF(N(F5)=0,MONTH(TODAY()),F5)-1)-(YEAR(TODAY())*12+MONTH(TODAY())-1),IF(E5="Quarterly",3,IF(E5="Half-yearly",6,IF(E5="Yearly",12,1))))),12)+1,MIN(D5,DAY(EOMONTH(DATE(INT(((YEAR(TODAY())*12+MONTH(TODAY())-1)+MOD((IF(N(F5)=0,MONTH(TODAY()),F5)-1)-(YEAR(TODAY())*12+MONTH(TODAY())-1),IF(E5="Quarterly",3,IF(E5="Half-yearly",6,IF(E5="Yearly",12,1)))))/12),MOD(((YEAR(TODAY())*12+MONTH(TODAY())-1)+MOD((IF(N(F5)=0,MONTH(TODAY()),F5)-1)-(YEAR(TODAY())*12+MONTH(TODAY())-1),IF(E5="Quarterly",3,IF(E5="Half-yearly",6,IF(E5="Yearly",12,1))))),12)+1,1),0))))<TODAY(),DATE(INT((((YEAR(TODAY())*12+MONTH(TODAY())-1)+MOD((IF(N(F5)=0,MONTH(TODAY()),F5)-1)-(YEAR(TODAY())*12+MONTH(TODAY())-1),IF(E5="Quarterly",3,IF(E5="Half-yearly",6,IF(E5="Yearly",12,1)))))+IF(E5="Quarterly",3,IF(E5="Half-yearly",6,IF(E5="Yearly",12,1))))/12),MOD((((YEAR(TODAY())*12+MONTH(TODAY())-1)+MOD((IF(N(F5)=0,MONTH(TODAY()),F5)-1)-(YEAR(TODAY())*12+MONTH(TODAY())-1),IF(E5="Quarterly",3,IF(E5="Half-yearly",6,IF(E5="Yearly",12,1)))))+IF(E5="Quarterly",3,IF(E5="Half-yearly",6,IF(E5="Yearly",12,1)))),12)+1,MIN(D5,DAY(EOMONTH(DATE(INT((((YEAR(TODAY())*12+MONTH(TODAY())-1)+MOD((IF(N(F5)=0,MONTH(TODAY()),F5)-1)-(YEAR(TODAY())*12+MONTH(TODAY())-1),IF(E5="Quarterly",3,IF(E5="Half-yearly",6,IF(E5="Yearly",12,1)))))+IF(E5="Quarterly",3,IF(E5="Half-yearly",6,IF(E5="Yearly",12,1))))/12),MOD((((YEAR(TODAY())*12+MONTH(TODAY())-1)+MOD((IF(N(F5)=0,MONTH(TODAY()),F5)-1)-(YEAR(TODAY())*12+MONTH(TODAY())-1),IF(E5="Quarterly",3,IF(E5="Half-yearly",6,IF(E5="Yearly",12,1)))))+IF(E5="Quarterly",3,IF(E5="Half-yearly",6,IF(E5="Yearly",12,1)))),12)+1,1),0)))),DATE(INT(((YEAR(TODAY())*12+MONTH(TODAY())-1)+MOD((IF(N(F5)=0,MONTH(TODAY()),F5)-1)-(YEAR(TODAY())*12+MONTH(TODAY())-1),IF(E5="Quarterly",3,IF(E5="Half-yearly",6,IF(E5="Yearly",12,1)))))/12),MOD(((YEAR(TODAY())*12+MONTH(TODAY())-1)+MOD((IF(N(F5)=0,MONTH(TODAY()),F5)-1)-(YEAR(TODAY())*12+MONTH(TODAY())-1),IF(E5="Quarterly",3,IF(E5="Half-yearly",6,IF(E5="Yearly",12,1))))),12)+1,MIN(D5,DAY(EOMONTH(DATE(INT(((YEAR(TODAY())*12+MONTH(TODAY())-1)+MOD((IF(N(F5)=0,MONTH(TODAY()),F5)-1)-(YEAR(TODAY())*12+MONTH(TODAY())-1),IF(E5="Quarterly",3,IF(E5="Half-yearly",6,IF(E5="Yearly",12,1)))))/12),MOD(((YEAR(TODAY())*12+MONTH(TODAY())-1)+MOD((IF(N(F5)=0,MONTH(TODAY()),F5)-1)-(YEAR(TODAY())*12+MONTH(TODAY())-1),IF(E5="Quarterly",3,IF(E5="Half-yearly",6,IF(E5="Yearly",12,1))))),12)+1,1),0)))))) | I5: =IF(H5="","",H5-TODAY()) | J5: =IF(H5="","",IF(I5=0,"DUE TODAY",IF(I5<=3,"Due in "&I5&" day(s) — pay now",IF(I5<=7,"Due this week","OK"))))
A6: Electricity | B6: Utility | C6: 2500 | D6: 15 | E6: Monthly | G6: N | H6: =IF(OR(A6="",N(D6)=0),"",IF(DATE(INT(((YEAR(TODAY())*12+MONTH(TODAY())-1)+MOD((IF(N(F6)=0,MONTH(TODAY()),F6)-1)-(YEAR(TODAY())*12+MONTH(TODAY())-1),IF(E6="Quarterly",3,IF(E6="Half-yearly",6,IF(E6="Yearly",12,1)))))/12),MOD(((YEAR(TODAY())*12+MONTH(TODAY())-1)+MOD((IF(N(F6)=0,MONTH(TODAY()),F6)-1)-(YEAR(TODAY())*12+MONTH(TODAY())-1),IF(E6="Quarterly",3,IF(E6="Half-yearly",6,IF(E6="Yearly",12,1))))),12)+1,MIN(D6,DAY(EOMONTH(DATE(INT(((YEAR(TODAY())*12+MONTH(TODAY())-1)+MOD((IF(N(F6)=0,MONTH(TODAY()),F6)-1)-(YEAR(TODAY())*12+MONTH(TODAY())-1),IF(E6="Quarterly",3,IF(E6="Half-yearly",6,IF(E6="Yearly",12,1)))))/12),MOD(((YEAR(TODAY())*12+MONTH(TODAY())-1)+MOD((IF(N(F6)=0,MONTH(TODAY()),F6)-1)-(YEAR(TODAY())*12+MONTH(TODAY())-1),IF(E6="Quarterly",3,IF(E6="Half-yearly",6,IF(E6="Yearly",12,1))))),12)+1,1),0))))<TODAY(),DATE(INT((((YEAR(TODAY())*12+MONTH(TODAY())-1)+MOD((IF(N(F6)=0,MONTH(TODAY()),F6)-1)-(YEAR(TODAY())*12+MONTH(TODAY())-1),IF(E6="Quarterly",3,IF(E6="Half-yearly",6,IF(E6="Yearly",12,1)))))+IF(E6="Quarterly",3,IF(E6="Half-yearly",6,IF(E6="Yearly",12,1))))/12),MOD((((YEAR(TODAY())*12+MONTH(TODAY())-1)+MOD((IF(N(F6)=0,MONTH(TODAY()),F6)-1)-(YEAR(TODAY())*12+MONTH(TODAY())-1),IF(E6="Quarterly",3,IF(E6="Half-yearly",6,IF(E6="Yearly",12,1)))))+IF(E6="Quarterly",3,IF(E6="Half-yearly",6,IF(E6="Yearly",12,1)))),12)+1,MIN(D6,DAY(EOMONTH(DATE(INT((((YEAR(TODAY())*12+MONTH(TODAY())-1)+MOD((IF(N(F6)=0,MONTH(TODAY()),F6)-1)-(YEAR(TODAY())*12+MONTH(TODAY())-1),IF(E6="Quarterly",3,IF(E6="Half-yearly",6,IF(E6="Yearly",12,1)))))+IF(E6="Quarterly",3,IF(E6="Half-yearly",6,IF(E6="Yearly",12,1))))/12),MOD((((YEAR(TODAY())*12+MONTH(TODAY())-1)+MOD((IF(N(F6)=0,MONTH(TODAY()),F6)-1)-(YEAR(TODAY())*12+MONTH(TODAY())-1),IF(E6="Quarterly",3,IF(E6="Half-yearly",6,IF(E6="Yearly",12,1)))))+IF(E6="Quarterly",3,IF(E6="Half-yearly",6,IF(E6="Yearly",12,1)))),12)+1,1),0)))),DATE(INT(((YEAR(TODAY())*12+MONTH(TODAY())-1)+MOD((IF(N(F6)=0,MONTH(TODAY()),F6)-1)-(YEAR(TODAY())*12+MONTH(TODAY())-1),IF(E6="Quarterly",3,IF(E6="Half-yearly",6,IF(E6="Yearly",12,1)))))/12),MOD(((YEAR(TODAY())*12+MONTH(TODAY())-1)+MOD((IF(N(F6)=0,MONTH(TODAY()),F6)-1)-(YEAR(TODAY())*12+MONTH(TODAY())-1),IF(E6="Quarterly",3,IF(E6="Half-yearly",6,IF(E6="Yearly",12,1))))),12)+1,MIN(D6,DAY(EOMONTH(DATE(INT(((YEAR(TODAY())*12+MONTH(TODAY())-1)+MOD((IF(N(F6)=0,MONTH(TODAY()),F6)-1)-(YEAR(TODAY())*12+MONTH(TODAY())-1),IF(E6="Quarterly",3,IF(E6="Half-yearly",6,IF(E6="Yearly",12,1)))))/12),MOD(((YEAR(TODAY())*12+MONTH(TODAY())-1)+MOD((IF(N(F6)=0,MONTH(TODAY()),F6)-1)-(YEAR(TODAY())*12+MONTH(TODAY())-1),IF(E6="Quarterly",3,IF(E6="Half-yearly",6,IF(E6="Yearly",12,1))))),12)+1,1),0)))))) | I6: =IF(H6="","",H6-TODAY()) | J6: =IF(H6="","",IF(I6=0,"DUE TODAY",IF(I6<=3,"Due in "&I6&" day(s) — pay now",IF(I6<=7,"Due this week","OK"))))
A7: Mobile postpaid | B7: Utility | C7: 599 | D7: 22 | E7: Monthly | G7: Y | H7: =IF(OR(A7="",N(D7)=0),"",IF(DATE(INT(((YEAR(TODAY())*12+MONTH(TODAY())-1)+MOD((IF(N(F7)=0,MONTH(TODAY()),F7)-1)-(YEAR(TODAY())*12+MONTH(TODAY())-1),IF(E7="Quarterly",3,IF(E7="Half-yearly",6,IF(E7="Yearly",12,1)))))/12),MOD(((YEAR(TODAY())*12+MONTH(TODAY())-1)+MOD((IF(N(F7)=0,MONTH(TODAY()),F7)-1)-(YEAR(TODAY())*12+MONTH(TODAY())-1),IF(E7="Quarterly",3,IF(E7="Half-yearly",6,IF(E7="Yearly",12,1))))),12)+1,MIN(D7,DAY(EOMONTH(DATE(INT(((YEAR(TODAY())*12+MONTH(TODAY())-1)+MOD((IF(N(F7)=0,MONTH(TODAY()),F7)-1)-(YEAR(TODAY())*12+MONTH(TODAY())-1),IF(E7="Quarterly",3,IF(E7="Half-yearly",6,IF(E7="Yearly",12,1)))))/12),MOD(((YEAR(TODAY())*12+MONTH(TODAY())-1)+MOD((IF(N(F7)=0,MONTH(TODAY()),F7)-1)-(YEAR(TODAY())*12+MONTH(TODAY())-1),IF(E7="Quarterly",3,IF(E7="Half-yearly",6,IF(E7="Yearly",12,1))))),12)+1,1),0))))<TODAY(),DATE(INT((((YEAR(TODAY())*12+MONTH(TODAY())-1)+MOD((IF(N(F7)=0,MONTH(TODAY()),F7)-1)-(YEAR(TODAY())*12+MONTH(TODAY())-1),IF(E7="Quarterly",3,IF(E7="Half-yearly",6,IF(E7="Yearly",12,1)))))+IF(E7="Quarterly",3,IF(E7="Half-yearly",6,IF(E7="Yearly",12,1))))/12),MOD((((YEAR(TODAY())*12+MONTH(TODAY())-1)+MOD((IF(N(F7)=0,MONTH(TODAY()),F7)-1)-(YEAR(TODAY())*12+MONTH(TODAY())-1),IF(E7="Quarterly",3,IF(E7="Half-yearly",6,IF(E7="Yearly",12,1)))))+IF(E7="Quarterly",3,IF(E7="Half-yearly",6,IF(E7="Yearly",12,1)))),12)+1,MIN(D7,DAY(EOMONTH(DATE(INT((((YEAR(TODAY())*12+MONTH(TODAY())-1)+MOD((IF(N(F7)=0,MONTH(TODAY()),F7)-1)-(YEAR(TODAY())*12+MONTH(TODAY())-1),IF(E7="Quarterly",3,IF(E7="Half-yearly",6,IF(E7="Yearly",12,1)))))+IF(E7="Quarterly",3,IF(E7="Half-yearly",6,IF(E7="Yearly",12,1))))/12),MOD((((YEAR(TODAY())*12+MONTH(TODAY())-1)+MOD((IF(N(F7)=0,MONTH(TODAY()),F7)-1)-(YEAR(TODAY())*12+MONTH(TODAY())-1),IF(E7="Quarterly",3,IF(E7="Half-yearly",6,IF(E7="Yearly",12,1)))))+IF(E7="Quarterly",3,IF(E7="Half-yearly",6,IF(E7="Yearly",12,1)))),12)+1,1),0)))),DATE(INT(((YEAR(TODAY())*12+MONTH(TODAY())-1)+MOD((IF(N(F7)=0,MONTH(TODAY()),F7)-1)-(YEAR(TODAY())*12+MONTH(TODAY())-1),IF(E7="Quarterly",3,IF(E7="Half-yearly",6,IF(E7="Yearly",12,1)))))/12),MOD(((YEAR(TODAY())*12+MONTH(TODAY())-1)+MOD((IF(N(F7)=0,MONTH(TODAY()),F7)-1)-(YEAR(TODAY())*12+MONTH(TODAY())-1),IF(E7="Quarterly",3,IF(E7="Half-yearly",6,IF(E7="Yearly",12,1))))),12)+1,MIN(D7,DAY(EOMONTH(DATE(INT(((YEAR(TODAY())*12+MONTH(TODAY())-1)+MOD((IF(N(F7)=0,MONTH(TODAY()),F7)-1)-(YEAR(TODAY())*12+MONTH(TODAY())-1),IF(E7="Quarterly",3,IF(E7="Half-yearly",6,IF(E7="Yearly",12,1)))))/12),MOD(((YEAR(TODAY())*12+MONTH(TODAY())-1)+MOD((IF(N(F7)=0,MONTH(TODAY()),F7)-1)-(YEAR(TODAY())*12+MONTH(TODAY())-1),IF(E7="Quarterly",3,IF(E7="Half-yearly",6,IF(E7="Yearly",12,1))))),12)+1,1),0)))))) | I7: =IF(H7="","",H7-TODAY()) | J7: =IF(H7="","",IF(I7=0,"DUE TODAY",IF(I7<=3,"Due in "&I7&" day(s) — pay now",IF(I7<=7,"Due this week","OK"))))
A8: Health insurance | B8: Insurance | C8: 24000 | D8: 10 | E8: Yearly | F8: 3 | G8: N | H8: =IF(OR(A8="",N(D8)=0),"",IF(DATE(INT(((YEAR(TODAY())*12+MONTH(TODAY())-1)+MOD((IF(N(F8)=0,MONTH(TODAY()),F8)-1)-(YEAR(TODAY())*12+MONTH(TODAY())-1),IF(E8="Quarterly",3,IF(E8="Half-yearly",6,IF(E8="Yearly",12,1)))))/12),MOD(((YEAR(TODAY())*12+MONTH(TODAY())-1)+MOD((IF(N(F8)=0,MONTH(TODAY()),F8)-1)-(YEAR(TODAY())*12+MONTH(TODAY())-1),IF(E8="Quarterly",3,IF(E8="Half-yearly",6,IF(E8="Yearly",12,1))))),12)+1,MIN(D8,DAY(EOMONTH(DATE(INT(((YEAR(TODAY())*12+MONTH(TODAY())-1)+MOD((IF(N(F8)=0,MONTH(TODAY()),F8)-1)-(YEAR(TODAY())*12+MONTH(TODAY())-1),IF(E8="Quarterly",3,IF(E8="Half-yearly",6,IF(E8="Yearly",12,1)))))/12),MOD(((YEAR(TODAY())*12+MONTH(TODAY())-1)+MOD((IF(N(F8)=0,MONTH(TODAY()),F8)-1)-(YEAR(TODAY())*12+MONTH(TODAY())-1),IF(E8="Quarterly",3,IF(E8="Half-yearly",6,IF(E8="Yearly",12,1))))),12)+1,1),0))))<TODAY(),DATE(INT((((YEAR(TODAY())*12+MONTH(TODAY())-1)+MOD((IF(N(F8)=0,MONTH(TODAY()),F8)-1)-(YEAR(TODAY())*12+MONTH(TODAY())-1),IF(E8="Quarterly",3,IF(E8="Half-yearly",6,IF(E8="Yearly",12,1)))))+IF(E8="Quarterly",3,IF(E8="Half-yearly",6,IF(E8="Yearly",12,1))))/12),MOD((((YEAR(TODAY())*12+MONTH(TODAY())-1)+MOD((IF(N(F8)=0,MONTH(TODAY()),F8)-1)-(YEAR(TODAY())*12+MONTH(TODAY())-1),IF(E8="Quarterly",3,IF(E8="Half-yearly",6,IF(E8="Yearly",12,1)))))+IF(E8="Quarterly",3,IF(E8="Half-yearly",6,IF(E8="Yearly",12,1)))),12)+1,MIN(D8,DAY(EOMONTH(DATE(INT((((YEAR(TODAY())*12+MONTH(TODAY())-1)+MOD((IF(N(F8)=0,MONTH(TODAY()),F8)-1)-(YEAR(TODAY())*12+MONTH(TODAY())-1),IF(E8="Quarterly",3,IF(E8="Half-yearly",6,IF(E8="Yearly",12,1)))))+IF(E8="Quarterly",3,IF(E8="Half-yearly",6,IF(E8="Yearly",12,1))))/12),MOD((((YEAR(TODAY())*12+MONTH(TODAY())-1)+MOD((IF(N(F8)=0,MONTH(TODAY()),F8)-1)-(YEAR(TODAY())*12+MONTH(TODAY())-1),IF(E8="Quarterly",3,IF(E8="Half-yearly",6,IF(E8="Yearly",12,1)))))+IF(E8="Quarterly",3,IF(E8="Half-yearly",6,IF(E8="Yearly",12,1)))),12)+1,1),0)))),DATE(INT(((YEAR(TODAY())*12+MONTH(TODAY())-1)+MOD((IF(N(F8)=0,MONTH(TODAY()),F8)-1)-(YEAR(TODAY())*12+MONTH(TODAY())-1),IF(E8="Quarterly",3,IF(E8="Half-yearly",6,IF(E8="Yearly",12,1)))))/12),MOD(((YEAR(TODAY())*12+MONTH(TODAY())-1)+MOD((IF(N(F8)=0,MONTH(TODAY()),F8)-1)-(YEAR(TODAY())*12+MONTH(TODAY())-1),IF(E8="Quarterly",3,IF(E8="Half-yearly",6,IF(E8="Yearly",12,1))))),12)+1,MIN(D8,DAY(EOMONTH(DATE(INT(((YEAR(TODAY())*12+MONTH(TODAY())-1)+MOD((IF(N(F8)=0,MONTH(TODAY()),F8)-1)-(YEAR(TODAY())*12+MONTH(TODAY())-1),IF(E8="Quarterly",3,IF(E8="Half-yearly",6,IF(E8="Yearly",12,1)))))/12),MOD(((YEAR(TODAY())*12+MONTH(TODAY())-1)+MOD((IF(N(F8)=0,MONTH(TODAY()),F8)-1)-(YEAR(TODAY())*12+MONTH(TODAY())-1),IF(E8="Quarterly",3,IF(E8="Half-yearly",6,IF(E8="Yearly",12,1))))),12)+1,1),0)))))) | I8: =IF(H8="","",H8-TODAY()) | J8: =IF(H8="","",IF(I8=0,"DUE TODAY",IF(I8<=3,"Due in "&I8&" day(s) — pay now",IF(I8<=7,"Due this week","OK"))))
A9: Property tax | B9: Tax | C9: 6000 | D9: 31 | E9: Yearly | F9: 7 | G9: N | H9: =IF(OR(A9="",N(D9)=0),"",IF(DATE(INT(((YEAR(TODAY())*12+MONTH(TODAY())-1)+MOD((IF(N(F9)=0,MONTH(TODAY()),F9)-1)-(YEAR(TODAY())*12+MONTH(TODAY())-1),IF(E9="Quarterly",3,IF(E9="Half-yearly",6,IF(E9="Yearly",12,1)))))/12),MOD(((YEAR(TODAY())*12+MONTH(TODAY())-1)+MOD((IF(N(F9)=0,MONTH(TODAY()),F9)-1)-(YEAR(TODAY())*12+MONTH(TODAY())-1),IF(E9="Quarterly",3,IF(E9="Half-yearly",6,IF(E9="Yearly",12,1))))),12)+1,MIN(D9,DAY(EOMONTH(DATE(INT(((YEAR(TODAY())*12+MONTH(TODAY())-1)+MOD((IF(N(F9)=0,MONTH(TODAY()),F9)-1)-(YEAR(TODAY())*12+MONTH(TODAY())-1),IF(E9="Quarterly",3,IF(E9="Half-yearly",6,IF(E9="Yearly",12,1)))))/12),MOD(((YEAR(TODAY())*12+MONTH(TODAY())-1)+MOD((IF(N(F9)=0,MONTH(TODAY()),F9)-1)-(YEAR(TODAY())*12+MONTH(TODAY())-1),IF(E9="Quarterly",3,IF(E9="Half-yearly",6,IF(E9="Yearly",12,1))))),12)+1,1),0))))<TODAY(),DATE(INT((((YEAR(TODAY())*12+MONTH(TODAY())-1)+MOD((IF(N(F9)=0,MONTH(TODAY()),F9)-1)-(YEAR(TODAY())*12+MONTH(TODAY())-1),IF(E9="Quarterly",3,IF(E9="Half-yearly",6,IF(E9="Yearly",12,1)))))+IF(E9="Quarterly",3,IF(E9="Half-yearly",6,IF(E9="Yearly",12,1))))/12),MOD((((YEAR(TODAY())*12+MONTH(TODAY())-1)+MOD((IF(N(F9)=0,MONTH(TODAY()),F9)-1)-(YEAR(TODAY())*12+MONTH(TODAY())-1),IF(E9="Quarterly",3,IF(E9="Half-yearly",6,IF(E9="Yearly",12,1)))))+IF(E9="Quarterly",3,IF(E9="Half-yearly",6,IF(E9="Yearly",12,1)))),12)+1,MIN(D9,DAY(EOMONTH(DATE(INT((((YEAR(TODAY())*12+MONTH(TODAY())-1)+MOD((IF(N(F9)=0,MONTH(TODAY()),F9)-1)-(YEAR(TODAY())*12+MONTH(TODAY())-1),IF(E9="Quarterly",3,IF(E9="Half-yearly",6,IF(E9="Yearly",12,1)))))+IF(E9="Quarterly",3,IF(E9="Half-yearly",6,IF(E9="Yearly",12,1))))/12),MOD((((YEAR(TODAY())*12+MONTH(TODAY())-1)+MOD((IF(N(F9)=0,MONTH(TODAY()),F9)-1)-(YEAR(TODAY())*12+MONTH(TODAY())-1),IF(E9="Quarterly",3,IF(E9="Half-yearly",6,IF(E9="Yearly",12,1)))))+IF(E9="Quarterly",3,IF(E9="Half-yearly",6,IF(E9="Yearly",12,1)))),12)+1,1),0)))),DATE(INT(((YEAR(TODAY())*12+MONTH(TODAY())-1)+MOD((IF(N(F9)=0,MONTH(TODAY()),F9)-1)-(YEAR(TODAY())*12+MONTH(TODAY())-1),IF(E9="Quarterly",3,IF(E9="Half-yearly",6,IF(E9="Yearly",12,1)))))/12),MOD(((YEAR(TODAY())*12+MONTH(TODAY())-1)+MOD((IF(N(F9)=0,MONTH(TODAY()),F9)-1)-(YEAR(TODAY())*12+MONTH(TODAY())-1),IF(E9="Quarterly",3,IF(E9="Half-yearly",6,IF(E9="Yearly",12,1))))),12)+1,MIN(D9,DAY(EOMONTH(DATE(INT(((YEAR(TODAY())*12+MONTH(TODAY())-1)+MOD((IF(N(F9)=0,MONTH(TODAY()),F9)-1)-(YEAR(TODAY())*12+MONTH(TODAY())-1),IF(E9="Quarterly",3,IF(E9="Half-yearly",6,IF(E9="Yearly",12,1)))))/12),MOD(((YEAR(TODAY())*12+MONTH(TODAY())-1)+MOD((IF(N(F9)=0,MONTH(TODAY()),F9)-1)-(YEAR(TODAY())*12+MONTH(TODAY())-1),IF(E9="Quarterly",3,IF(E9="Half-yearly",6,IF(E9="Yearly",12,1))))),12)+1,1),0)))))) | I9: =IF(H9="","",H9-TODAY()) | J9: =IF(H9="","",IF(I9=0,"DUE TODAY",IF(I9<=3,"Due in "&I9&" day(s) — pay now",IF(I9<=7,"Due this week","OK"))))
A10: Advance tax | B10: Tax | C10: 0 | D10: 15 | E10: Quarterly | F10: 6 | G10: N | H10: =IF(OR(A10="",N(D10)=0),"",IF(DATE(INT(((YEAR(TODAY())*12+MONTH(TODAY())-1)+MOD((IF(N(F10)=0,MONTH(TODAY()),F10)-1)-(YEAR(TODAY())*12+MONTH(TODAY())-1),IF(E10="Quarterly",3,IF(E10="Half-yearly",6,IF(E10="Yearly",12,1)))))/12),MOD(((YEAR(TODAY())*12+MONTH(TODAY())-1)+MOD((IF(N(F10)=0,MONTH(TODAY()),F10)-1)-(YEAR(TODAY())*12+MONTH(TODAY())-1),IF(E10="Quarterly",3,IF(E10="Half-yearly",6,IF(E10="Yearly",12,1))))),12)+1,MIN(D10,DAY(EOMONTH(DATE(INT(((YEAR(TODAY())*12+MONTH(TODAY())-1)+MOD((IF(N(F10)=0,MONTH(TODAY()),F10)-1)-(YEAR(TODAY())*12+MONTH(TODAY())-1),IF(E10="Quarterly",3,IF(E10="Half-yearly",6,IF(E10="Yearly",12,1)))))/12),MOD(((YEAR(TODAY())*12+MONTH(TODAY())-1)+MOD((IF(N(F10)=0,MONTH(TODAY()),F10)-1)-(YEAR(TODAY())*12+MONTH(TODAY())-1),IF(E10="Quarterly",3,IF(E10="Half-yearly",6,IF(E10="Yearly",12,1))))),12)+1,1),0))))<TODAY(),DATE(INT((((YEAR(TODAY())*12+MONTH(TODAY())-1)+MOD((IF(N(F10)=0,MONTH(TODAY()),F10)-1)-(YEAR(TODAY())*12+MONTH(TODAY())-1),IF(E10="Quarterly",3,IF(E10="Half-yearly",6,IF(E10="Yearly",12,1)))))+IF(E10="Quarterly",3,IF(E10="Half-yearly",6,IF(E10="Yearly",12,1))))/12),MOD((((YEAR(TODAY())*12+MONTH(TODAY())-1)+MOD((IF(N(F10)=0,MONTH(TODAY()),F10)-1)-(YEAR(TODAY())*12+MONTH(TODAY())-1),IF(E10="Quarterly",3,IF(E10="Half-yearly",6,IF(E10="Yearly",12,1)))))+IF(E10="Quarterly",3,IF(E10="Half-yearly",6,IF(E10="Yearly",12,1)))),12)+1,MIN(D10,DAY(EOMONTH(DATE(INT((((YEAR(TODAY())*12+MONTH(TODAY())-1)+MOD((IF(N(F10)=0,MONTH(TODAY()),F10)-1)-(YEAR(TODAY())*12+MONTH(TODAY())-1),IF(E10="Quarterly",3,IF(E10="Half-yearly",6,IF(E10="Yearly",12,1)))))+IF(E10="Quarterly",3,IF(E10="Half-yearly",6,IF(E10="Yearly",12,1))))/12),MOD((((YEAR(TODAY())*12+MONTH(TODAY())-1)+MOD((IF(N(F10)=0,MONTH(TODAY()),F10)-1)-(YEAR(TODAY())*12+MONTH(TODAY())-1),IF(E10="Quarterly",3,IF(E10="Half-yearly",6,IF(E10="Yearly",12,1)))))+IF(E10="Quarterly",3,IF(E10="Half-yearly",6,IF(E10="Yearly",12,1)))),12)+1,1),0)))),DATE(INT(((YEAR(TODAY())*12+MONTH(TODAY())-1)+MOD((IF(N(F10)=0,MONTH(TODAY()),F10)-1)-(YEAR(TODAY())*12+MONTH(TODAY())-1),IF(E10="Quarterly",3,IF(E10="Half-yearly",6,IF(E10="Yearly",12,1)))))/12),MOD(((YEAR(TODAY())*12+MONTH(TODAY())-1)+MOD((IF(N(F10)=0,MONTH(TODAY()),F10)-1)-(YEAR(TODAY())*12+MONTH(TODAY())-1),IF(E10="Quarterly",3,IF(E10="Half-yearly",6,IF(E10="Yearly",12,1))))),12)+1,MIN(D10,DAY(EOMONTH(DATE(INT(((YEAR(TODAY())*12+MONTH(TODAY())-1)+MOD((IF(N(F10)=0,MONTH(TODAY()),F10)-1)-(YEAR(TODAY())*12+MONTH(TODAY())-1),IF(E10="Quarterly",3,IF(E10="Half-yearly",6,IF(E10="Yearly",12,1)))))/12),MOD(((YEAR(TODAY())*12+MONTH(TODAY())-1)+MOD((IF(N(F10)=0,MONTH(TODAY()),F10)-1)-(YEAR(TODAY())*12+MONTH(TODAY())-1),IF(E10="Quarterly",3,IF(E10="Half-yearly",6,IF(E10="Yearly",12,1))))),12)+1,1),0)))))) | I10: =IF(H10="","",H10-TODAY()) | J10: =IF(H10="","",IF(I10=0,"DUE TODAY",IF(I10<=3,"Due in "&I10&" day(s) — pay now",IF(I10<=7,"Due this week","OK"))))
H11: =IF(OR(A11="",N(D11)=0),"",IF(DATE(INT(((YEAR(TODAY())*12+MONTH(TODAY())-1)+MOD((IF(N(F11)=0,MONTH(TODAY()),F11)-1)-(YEAR(TODAY())*12+MONTH(TODAY())-1),IF(E11="Quarterly",3,IF(E11="Half-yearly",6,IF(E11="Yearly",12,1)))))/12),MOD(((YEAR(TODAY())*12+MONTH(TODAY())-1)+MOD((IF(N(F11)=0,MONTH(TODAY()),F11)-1)-(YEAR(TODAY())*12+MONTH(TODAY())-1),IF(E11="Quarterly",3,IF(E11="Half-yearly",6,IF(E11="Yearly",12,1))))),12)+1,MIN(D11,DAY(EOMONTH(DATE(INT(((YEAR(TODAY())*12+MONTH(TODAY())-1)+MOD((IF(N(F11)=0,MONTH(TODAY()),F11)-1)-(YEAR(TODAY())*12+MONTH(TODAY())-1),IF(E11="Quarterly",3,IF(E11="Half-yearly",6,IF(E11="Yearly",12,1)))))/12),MOD(((YEAR(TODAY())*12+MONTH(TODAY())-1)+MOD((IF(N(F11)=0,MONTH(TODAY()),F11)-1)-(YEAR(TODAY())*12+MONTH(TODAY())-1),IF(E11="Quarterly",3,IF(E11="Half-yearly",6,IF(E11="Yearly",12,1))))),12)+1,1),0))))<TODAY(),DATE(INT((((YEAR(TODAY())*12+MONTH(TODAY())-1)+MOD((IF(N(F11)=0,MONTH(TODAY()),F11)-1)-(YEAR(TODAY())*12+MONTH(TODAY())-1),IF(E11="Quarterly",3,IF(E11="Half-yearly",6,IF(E11="Yearly",12,1)))))+IF(E11="Quarterly",3,IF(E11="Half-yearly",6,IF(E11="Yearly",12,1))))/12),MOD((((YEAR(TODAY())*12+MONTH(TODAY())-1)+MOD((IF(N(F11)=0,MONTH(TODAY()),F11)-1)-(YEAR(TODAY())*12+MONTH(TODAY())-1),IF(E11="Quarterly",3,IF(E11="Half-yearly",6,IF(E11="Yearly",12,1)))))+IF(E11="Quarterly",3,IF(E11="Half-yearly",6,IF(E11="Yearly",12,1)))),12)+1,MIN(D11,DAY(EOMONTH(DATE(INT((((YEAR(TODAY())*12+MONTH(TODAY())-1)+MOD((IF(N(F11)=0,MONTH(TODAY()),F11)-1)-(YEAR(TODAY())*12+MONTH(TODAY())-1),IF(E11="Quarterly",3,IF(E11="Half-yearly",6,IF(E11="Yearly",12,1)))))+IF(E11="Quarterly",3,IF(E11="Half-yearly",6,IF(E11="Yearly",12,1))))/12),MOD((((YEAR(TODAY())*12+MONTH(TODAY())-1)+MOD((IF(N(F11)=0,MONTH(TODAY()),F11)-1)-(YEAR(TODAY())*12+MONTH(TODAY())-1),IF(E11="Quarterly",3,IF(E11="Half-yearly",6,IF(E11="Yearly",12,1)))))+IF(E11="Quarterly",3,IF(E11="Half-yearly",6,IF(E11="Yearly",12,1)))),12)+1,1),0)))),DATE(INT(((YEAR(TODAY())*12+MONTH(TODAY())-1)+MOD((IF(N(F11)=0,MONTH(TODAY()),F11)-1)-(YEAR(TODAY())*12+MONTH(TODAY())-1),IF(E11="Quarterly",3,IF(E11="Half-yearly",6,IF(E11="Yearly",12,1)))))/12),MOD(((YEAR(TODAY())*12+MONTH(TODAY())-1)+MOD((IF(N(F11)=0,MONTH(TODAY()),F11)-1)-(YEAR(TODAY())*12+MONTH(TODAY())-1),IF(E11="Quarterly",3,IF(E11="Half-yearly",6,IF(E11="Yearly",12,1))))),12)+1,MIN(D11,DAY(EOMONTH(DATE(INT(((YEAR(TODAY())*12+MONTH(TODAY())-1)+MOD((IF(N(F11)=0,MONTH(TODAY()),F11)-1)-(YEAR(TODAY())*12+MONTH(TODAY())-1),IF(E11="Quarterly",3,IF(E11="Half-yearly",6,IF(E11="Yearly",12,1)))))/12),MOD(((YEAR(TODAY())*12+MONTH(TODAY())-1)+MOD((IF(N(F11)=0,MONTH(TODAY()),F11)-1)-(YEAR(TODAY())*12+MONTH(TODAY())-1),IF(E11="Quarterly",3,IF(E11="Half-yearly",6,IF(E11="Yearly",12,1))))),12)+1,1),0)))))) | I11: =IF(H11="","",H11-TODAY()) | J11: =IF(H11="","",IF(I11=0,"DUE TODAY",IF(I11<=3,"Due in "&I11&" day(s) — pay now",IF(I11<=7,"Due this week","OK"))))
H12: =IF(OR(A12="",N(D12)=0),"",IF(DATE(INT(((YEAR(TODAY())*12+MONTH(TODAY())-1)+MOD((IF(N(F12)=0,MONTH(TODAY()),F12)-1)-(YEAR(TODAY())*12+MONTH(TODAY())-1),IF(E12="Quarterly",3,IF(E12="Half-yearly",6,IF(E12="Yearly",12,1)))))/12),MOD(((YEAR(TODAY())*12+MONTH(TODAY())-1)+MOD((IF(N(F12)=0,MONTH(TODAY()),F12)-1)-(YEAR(TODAY())*12+MONTH(TODAY())-1),IF(E12="Quarterly",3,IF(E12="Half-yearly",6,IF(E12="Yearly",12,1))))),12)+1,MIN(D12,DAY(EOMONTH(DATE(INT(((YEAR(TODAY())*12+MONTH(TODAY())-1)+MOD((IF(N(F12)=0,MONTH(TODAY()),F12)-1)-(YEAR(TODAY())*12+MONTH(TODAY())-1),IF(E12="Quarterly",3,IF(E12="Half-yearly",6,IF(E12="Yearly",12,1)))))/12),MOD(((YEAR(TODAY())*12+MONTH(TODAY())-1)+MOD((IF(N(F12)=0,MONTH(TODAY()),F12)-1)-(YEAR(TODAY())*12+MONTH(TODAY())-1),IF(E12="Quarterly",3,IF(E12="Half-yearly",6,IF(E12="Yearly",12,1))))),12)+1,1),0))))<TODAY(),DATE(INT((((YEAR(TODAY())*12+MONTH(TODAY())-1)+MOD((IF(N(F12)=0,MONTH(TODAY()),F12)-1)-(YEAR(TODAY())*12+MONTH(TODAY())-1),IF(E12="Quarterly",3,IF(E12="Half-yearly",6,IF(E12="Yearly",12,1)))))+IF(E12="Quarterly",3,IF(E12="Half-yearly",6,IF(E12="Yearly",12,1))))/12),MOD((((YEAR(TODAY())*12+MONTH(TODAY())-1)+MOD((IF(N(F12)=0,MONTH(TODAY()),F12)-1)-(YEAR(TODAY())*12+MONTH(TODAY())-1),IF(E12="Quarterly",3,IF(E12="Half-yearly",6,IF(E12="Yearly",12,1)))))+IF(E12="Quarterly",3,IF(E12="Half-yearly",6,IF(E12="Yearly",12,1)))),12)+1,MIN(D12,DAY(EOMONTH(DATE(INT((((YEAR(TODAY())*12+MONTH(TODAY())-1)+MOD((IF(N(F12)=0,MONTH(TODAY()),F12)-1)-(YEAR(TODAY())*12+MONTH(TODAY())-1),IF(E12="Quarterly",3,IF(E12="Half-yearly",6,IF(E12="Yearly",12,1)))))+IF(E12="Quarterly",3,IF(E12="Half-yearly",6,IF(E12="Yearly",12,1))))/12),MOD((((YEAR(TODAY())*12+MONTH(TODAY())-1)+MOD((IF(N(F12)=0,MONTH(TODAY()),F12)-1)-(YEAR(TODAY())*12+MONTH(TODAY())-1),IF(E12="Quarterly",3,IF(E12="Half-yearly",6,IF(E12="Yearly",12,1)))))+IF(E12="Quarterly",3,IF(E12="Half-yearly",6,IF(E12="Yearly",12,1)))),12)+1,1),0)))),DATE(INT(((YEAR(TODAY())*12+MONTH(TODAY())-1)+MOD((IF(N(F12)=0,MONTH(TODAY()),F12)-1)-(YEAR(TODAY())*12+MONTH(TODAY())-1),IF(E12="Quarterly",3,IF(E12="Half-yearly",6,IF(E12="Yearly",12,1)))))/12),MOD(((YEAR(TODAY())*12+MONTH(TODAY())-1)+MOD((IF(N(F12)=0,MONTH(TODAY()),F12)-1)-(YEAR(TODAY())*12+MONTH(TODAY())-1),IF(E12="Quarterly",3,IF(E12="Half-yearly",6,IF(E12="Yearly",12,1))))),12)+1,MIN(D12,DAY(EOMONTH(DATE(INT(((YEAR(TODAY())*12+MONTH(TODAY())-1)+MOD((IF(N(F12)=0,MONTH(TODAY()),F12)-1)-(YEAR(TODAY())*12+MONTH(TODAY())-1),IF(E12="Quarterly",3,IF(E12="Half-yearly",6,IF(E12="Yearly",12,1)))))/12),MOD(((YEAR(TODAY())*12+MONTH(TODAY())-1)+MOD((IF(N(F12)=0,MONTH(TODAY()),F12)-1)-(YEAR(TODAY())*12+MONTH(TODAY())-1),IF(E12="Quarterly",3,IF(E12="Half-yearly",6,IF(E12="Yearly",12,1))))),12)+1,1),0)))))) | I12: =IF(H12="","",H12-TODAY()) | J12: =IF(H12="","",IF(I12=0,"DUE TODAY",IF(I12<=3,"Due in "&I12&" day(s) — pay now",IF(I12<=7,"Due this week","OK"))))
H13: =IF(OR(A13="",N(D13)=0),"",IF(DATE(INT(((YEAR(TODAY())*12+MONTH(TODAY())-1)+MOD((IF(N(F13)=0,MONTH(TODAY()),F13)-1)-(YEAR(TODAY())*12+MONTH(TODAY())-1),IF(E13="Quarterly",3,IF(E13="Half-yearly",6,IF(E13="Yearly",12,1)))))/12),MOD(((YEAR(TODAY())*12+MONTH(TODAY())-1)+MOD((IF(N(F13)=0,MONTH(TODAY()),F13)-1)-(YEAR(TODAY())*12+MONTH(TODAY())-1),IF(E13="Quarterly",3,IF(E13="Half-yearly",6,IF(E13="Yearly",12,1))))),12)+1,MIN(D13,DAY(EOMONTH(DATE(INT(((YEAR(TODAY())*12+MONTH(TODAY())-1)+MOD((IF(N(F13)=0,MONTH(TODAY()),F13)-1)-(YEAR(TODAY())*12+MONTH(TODAY())-1),IF(E13="Quarterly",3,IF(E13="Half-yearly",6,IF(E13="Yearly",12,1)))))/12),MOD(((YEAR(TODAY())*12+MONTH(TODAY())-1)+MOD((IF(N(F13)=0,MONTH(TODAY()),F13)-1)-(YEAR(TODAY())*12+MONTH(TODAY())-1),IF(E13="Quarterly",3,IF(E13="Half-yearly",6,IF(E13="Yearly",12,1))))),12)+1,1),0))))<TODAY(),DATE(INT((((YEAR(TODAY())*12+MONTH(TODAY())-1)+MOD((IF(N(F13)=0,MONTH(TODAY()),F13)-1)-(YEAR(TODAY())*12+MONTH(TODAY())-1),IF(E13="Quarterly",3,IF(E13="Half-yearly",6,IF(E13="Yearly",12,1)))))+IF(E13="Quarterly",3,IF(E13="Half-yearly",6,IF(E13="Yearly",12,1))))/12),MOD((((YEAR(TODAY())*12+MONTH(TODAY())-1)+MOD((IF(N(F13)=0,MONTH(TODAY()),F13)-1)-(YEAR(TODAY())*12+MONTH(TODAY())-1),IF(E13="Quarterly",3,IF(E13="Half-yearly",6,IF(E13="Yearly",12,1)))))+IF(E13="Quarterly",3,IF(E13="Half-yearly",6,IF(E13="Yearly",12,1)))),12)+1,MIN(D13,DAY(EOMONTH(DATE(INT((((YEAR(TODAY())*12+MONTH(TODAY())-1)+MOD((IF(N(F13)=0,MONTH(TODAY()),F13)-1)-(YEAR(TODAY())*12+MONTH(TODAY())-1),IF(E13="Quarterly",3,IF(E13="Half-yearly",6,IF(E13="Yearly",12,1)))))+IF(E13="Quarterly",3,IF(E13="Half-yearly",6,IF(E13="Yearly",12,1))))/12),MOD((((YEAR(TODAY())*12+MONTH(TODAY())-1)+MOD((IF(N(F13)=0,MONTH(TODAY()),F13)-1)-(YEAR(TODAY())*12+MONTH(TODAY())-1),IF(E13="Quarterly",3,IF(E13="Half-yearly",6,IF(E13="Yearly",12,1)))))+IF(E13="Quarterly",3,IF(E13="Half-yearly",6,IF(E13="Yearly",12,1)))),12)+1,1),0)))),DATE(INT(((YEAR(TODAY())*12+MONTH(TODAY())-1)+MOD((IF(N(F13)=0,MONTH(TODAY()),F13)-1)-(YEAR(TODAY())*12+MONTH(TODAY())-1),IF(E13="Quarterly",3,IF(E13="Half-yearly",6,IF(E13="Yearly",12,1)))))/12),MOD(((YEAR(TODAY())*12+MONTH(TODAY())-1)+MOD((IF(N(F13)=0,MONTH(TODAY()),F13)-1)-(YEAR(TODAY())*12+MONTH(TODAY())-1),IF(E13="Quarterly",3,IF(E13="Half-yearly",6,IF(E13="Yearly",12,1))))),12)+1,MIN(D13,DAY(EOMONTH(DATE(INT(((YEAR(TODAY())*12+MONTH(TODAY())-1)+MOD((IF(N(F13)=0,MONTH(TODAY()),F13)-1)-(YEAR(TODAY())*12+MONTH(TODAY())-1),IF(E13="Quarterly",3,IF(E13="Half-yearly",6,IF(E13="Yearly",12,1)))))/12),MOD(((YEAR(TODAY())*12+MONTH(TODAY())-1)+MOD((IF(N(F13)=0,MONTH(TODAY()),F13)-1)-(YEAR(TODAY())*12+MONTH(TODAY())-1),IF(E13="Quarterly",3,IF(E13="Half-yearly",6,IF(E13="Yearly",12,1))))),12)+1,1),0)))))) | I13: =IF(H13="","",H13-TODAY()) | J13: =IF(H13="","",IF(I13=0,"DUE TODAY",IF(I13<=3,"Due in "&I13&" day(s) — pay now",IF(I13<=7,"Due this week","OK"))))
H14: =IF(OR(A14="",N(D14)=0),"",IF(DATE(INT(((YEAR(TODAY())*12+MONTH(TODAY())-1)+MOD((IF(N(F14)=0,MONTH(TODAY()),F14)-1)-(YEAR(TODAY())*12+MONTH(TODAY())-1),IF(E14="Quarterly",3,IF(E14="Half-yearly",6,IF(E14="Yearly",12,1)))))/12),MOD(((YEAR(TODAY())*12+MONTH(TODAY())-1)+MOD((IF(N(F14)=0,MONTH(TODAY()),F14)-1)-(YEAR(TODAY())*12+MONTH(TODAY())-1),IF(E14="Quarterly",3,IF(E14="Half-yearly",6,IF(E14="Yearly",12,1))))),12)+1,MIN(D14,DAY(EOMONTH(DATE(INT(((YEAR(TODAY())*12+MONTH(TODAY())-1)+MOD((IF(N(F14)=0,MONTH(TODAY()),F14)-1)-(YEAR(TODAY())*12+MONTH(TODAY())-1),IF(E14="Quarterly",3,IF(E14="Half-yearly",6,IF(E14="Yearly",12,1)))))/12),MOD(((YEAR(TODAY())*12+MONTH(TODAY())-1)+MOD((IF(N(F14)=0,MONTH(TODAY()),F14)-1)-(YEAR(TODAY())*12+MONTH(TODAY())-1),IF(E14="Quarterly",3,IF(E14="Half-yearly",6,IF(E14="Yearly",12,1))))),12)+1,1),0))))<TODAY(),DATE(INT((((YEAR(TODAY())*12+MONTH(TODAY())-1)+MOD((IF(N(F14)=0,MONTH(TODAY()),F14)-1)-(YEAR(TODAY())*12+MONTH(TODAY())-1),IF(E14="Quarterly",3,IF(E14="Half-yearly",6,IF(E14="Yearly",12,1)))))+IF(E14="Quarterly",3,IF(E14="Half-yearly",6,IF(E14="Yearly",12,1))))/12),MOD((((YEAR(TODAY())*12+MONTH(TODAY())-1)+MOD((IF(N(F14)=0,MONTH(TODAY()),F14)-1)-(YEAR(TODAY())*12+MONTH(TODAY())-1),IF(E14="Quarterly",3,IF(E14="Half-yearly",6,IF(E14="Yearly",12,1)))))+IF(E14="Quarterly",3,IF(E14="Half-yearly",6,IF(E14="Yearly",12,1)))),12)+1,MIN(D14,DAY(EOMONTH(DATE(INT((((YEAR(TODAY())*12+MONTH(TODAY())-1)+MOD((IF(N(F14)=0,MONTH(TODAY()),F14)-1)-(YEAR(TODAY())*12+MONTH(TODAY())-1),IF(E14="Quarterly",3,IF(E14="Half-yearly",6,IF(E14="Yearly",12,1)))))+IF(E14="Quarterly",3,IF(E14="Half-yearly",6,IF(E14="Yearly",12,1))))/12),MOD((((YEAR(TODAY())*12+MONTH(TODAY())-1)+MOD((IF(N(F14)=0,MONTH(TODAY()),F14)-1)-(YEAR(TODAY())*12+MONTH(TODAY())-1),IF(E14="Quarterly",3,IF(E14="Half-yearly",6,IF(E14="Yearly",12,1)))))+IF(E14="Quarterly",3,IF(E14="Half-yearly",6,IF(E14="Yearly",12,1)))),12)+1,1),0)))),DATE(INT(((YEAR(TODAY())*12+MONTH(TODAY())-1)+MOD((IF(N(F14)=0,MONTH(TODAY()),F14)-1)-(YEAR(TODAY())*12+MONTH(TODAY())-1),IF(E14="Quarterly",3,IF(E14="Half-yearly",6,IF(E14="Yearly",12,1)))))/12),MOD(((YEAR(TODAY())*12+MONTH(TODAY())-1)+MOD((IF(N(F14)=0,MONTH(TODAY()),F14)-1)-(YEAR(TODAY())*12+MONTH(TODAY())-1),IF(E14="Quarterly",3,IF(E14="Half-yearly",6,IF(E14="Yearly",12,1))))),12)+1,MIN(D14,DAY(EOMONTH(DATE(INT(((YEAR(TODAY())*12+MONTH(TODAY())-1)+MOD((IF(N(F14)=0,MONTH(TODAY()),F14)-1)-(YEAR(TODAY())*12+MONTH(TODAY())-1),IF(E14="Quarterly",3,IF(E14="Half-yearly",6,IF(E14="Yearly",12,1)))))/12),MOD(((YEAR(TODAY())*12+MONTH(TODAY())-1)+MOD((IF(N(F14)=0,MONTH(TODAY()),F14)-1)-(YEAR(TODAY())*12+MONTH(TODAY())-1),IF(E14="Quarterly",3,IF(E14="Half-yearly",6,IF(E14="Yearly",12,1))))),12)+1,1),0)))))) | I14: =IF(H14="","",H14-TODAY()) | J14: =IF(H14="","",IF(I14=0,"DUE TODAY",IF(I14<=3,"Due in "&I14&" day(s) — pay now",IF(I14<=7,"Due this week","OK"))))
H15: =IF(OR(A15="",N(D15)=0),"",IF(DATE(INT(((YEAR(TODAY())*12+MONTH(TODAY())-1)+MOD((IF(N(F15)=0,MONTH(TODAY()),F15)-1)-(YEAR(TODAY())*12+MONTH(TODAY())-1),IF(E15="Quarterly",3,IF(E15="Half-yearly",6,IF(E15="Yearly",12,1)))))/12),MOD(((YEAR(TODAY())*12+MONTH(TODAY())-1)+MOD((IF(N(F15)=0,MONTH(TODAY()),F15)-1)-(YEAR(TODAY())*12+MONTH(TODAY())-1),IF(E15="Quarterly",3,IF(E15="Half-yearly",6,IF(E15="Yearly",12,1))))),12)+1,MIN(D15,DAY(EOMONTH(DATE(INT(((YEAR(TODAY())*12+MONTH(TODAY())-1)+MOD((IF(N(F15)=0,MONTH(TODAY()),F15)-1)-(YEAR(TODAY())*12+MONTH(TODAY())-1),IF(E15="Quarterly",3,IF(E15="Half-yearly",6,IF(E15="Yearly",12,1)))))/12),MOD(((YEAR(TODAY())*12+MONTH(TODAY())-1)+MOD((IF(N(F15)=0,MONTH(TODAY()),F15)-1)-(YEAR(TODAY())*12+MONTH(TODAY())-1),IF(E15="Quarterly",3,IF(E15="Half-yearly",6,IF(E15="Yearly",12,1))))),12)+1,1),0))))<TODAY(),DATE(INT((((YEAR(TODAY())*12+MONTH(TODAY())-1)+MOD((IF(N(F15)=0,MONTH(TODAY()),F15)-1)-(YEAR(TODAY())*12+MONTH(TODAY())-1),IF(E15="Quarterly",3,IF(E15="Half-yearly",6,IF(E15="Yearly",12,1)))))+IF(E15="Quarterly",3,IF(E15="Half-yearly",6,IF(E15="Yearly",12,1))))/12),MOD((((YEAR(TODAY())*12+MONTH(TODAY())-1)+MOD((IF(N(F15)=0,MONTH(TODAY()),F15)-1)-(YEAR(TODAY())*12+MONTH(TODAY())-1),IF(E15="Quarterly",3,IF(E15="Half-yearly",6,IF(E15="Yearly",12,1)))))+IF(E15="Quarterly",3,IF(E15="Half-yearly",6,IF(E15="Yearly",12,1)))),12)+1,MIN(D15,DAY(EOMONTH(DATE(INT((((YEAR(TODAY())*12+MONTH(TODAY())-1)+MOD((IF(N(F15)=0,MONTH(TODAY()),F15)-1)-(YEAR(TODAY())*12+MONTH(TODAY())-1),IF(E15="Quarterly",3,IF(E15="Half-yearly",6,IF(E15="Yearly",12,1)))))+IF(E15="Quarterly",3,IF(E15="Half-yearly",6,IF(E15="Yearly",12,1))))/12),MOD((((YEAR(TODAY())*12+MONTH(TODAY())-1)+MOD((IF(N(F15)=0,MONTH(TODAY()),F15)-1)-(YEAR(TODAY())*12+MONTH(TODAY())-1),IF(E15="Quarterly",3,IF(E15="Half-yearly",6,IF(E15="Yearly",12,1)))))+IF(E15="Quarterly",3,IF(E15="Half-yearly",6,IF(E15="Yearly",12,1)))),12)+1,1),0)))),DATE(INT(((YEAR(TODAY())*12+MONTH(TODAY())-1)+MOD((IF(N(F15)=0,MONTH(TODAY()),F15)-1)-(YEAR(TODAY())*12+MONTH(TODAY())-1),IF(E15="Quarterly",3,IF(E15="Half-yearly",6,IF(E15="Yearly",12,1)))))/12),MOD(((YEAR(TODAY())*12+MONTH(TODAY())-1)+MOD((IF(N(F15)=0,MONTH(TODAY()),F15)-1)-(YEAR(TODAY())*12+MONTH(TODAY())-1),IF(E15="Quarterly",3,IF(E15="Half-yearly",6,IF(E15="Yearly",12,1))))),12)+1,MIN(D15,DAY(EOMONTH(DATE(INT(((YEAR(TODAY())*12+MONTH(TODAY())-1)+MOD((IF(N(F15)=0,MONTH(TODAY()),F15)-1)-(YEAR(TODAY())*12+MONTH(TODAY())-1),IF(E15="Quarterly",3,IF(E15="Half-yearly",6,IF(E15="Yearly",12,1)))))/12),MOD(((YEAR(TODAY())*12+MONTH(TODAY())-1)+MOD((IF(N(F15)=0,MONTH(TODAY()),F15)-1)-(YEAR(TODAY())*12+MONTH(TODAY())-1),IF(E15="Quarterly",3,IF(E15="Half-yearly",6,IF(E15="Yearly",12,1))))),12)+1,1),0)))))) | I15: =IF(H15="","",H15-TODAY()) | J15: =IF(H15="","",IF(I15=0,"DUE TODAY",IF(I15<=3,"Due in "&I15&" day(s) — pay now",IF(I15<=7,"Due this week","OK"))))
H16: =IF(OR(A16="",N(D16)=0),"",IF(DATE(INT(((YEAR(TODAY())*12+MONTH(TODAY())-1)+MOD((IF(N(F16)=0,MONTH(TODAY()),F16)-1)-(YEAR(TODAY())*12+MONTH(TODAY())-1),IF(E16="Quarterly",3,IF(E16="Half-yearly",6,IF(E16="Yearly",12,1)))))/12),MOD(((YEAR(TODAY())*12+MONTH(TODAY())-1)+MOD((IF(N(F16)=0,MONTH(TODAY()),F16)-1)-(YEAR(TODAY())*12+MONTH(TODAY())-1),IF(E16="Quarterly",3,IF(E16="Half-yearly",6,IF(E16="Yearly",12,1))))),12)+1,MIN(D16,DAY(EOMONTH(DATE(INT(((YEAR(TODAY())*12+MONTH(TODAY())-1)+MOD((IF(N(F16)=0,MONTH(TODAY()),F16)-1)-(YEAR(TODAY())*12+MONTH(TODAY())-1),IF(E16="Quarterly",3,IF(E16="Half-yearly",6,IF(E16="Yearly",12,1)))))/12),MOD(((YEAR(TODAY())*12+MONTH(TODAY())-1)+MOD((IF(N(F16)=0,MONTH(TODAY()),F16)-1)-(YEAR(TODAY())*12+MONTH(TODAY())-1),IF(E16="Quarterly",3,IF(E16="Half-yearly",6,IF(E16="Yearly",12,1))))),12)+1,1),0))))<TODAY(),DATE(INT((((YEAR(TODAY())*12+MONTH(TODAY())-1)+MOD((IF(N(F16)=0,MONTH(TODAY()),F16)-1)-(YEAR(TODAY())*12+MONTH(TODAY())-1),IF(E16="Quarterly",3,IF(E16="Half-yearly",6,IF(E16="Yearly",12,1)))))+IF(E16="Quarterly",3,IF(E16="Half-yearly",6,IF(E16="Yearly",12,1))))/12),MOD((((YEAR(TODAY())*12+MONTH(TODAY())-1)+MOD((IF(N(F16)=0,MONTH(TODAY()),F16)-1)-(YEAR(TODAY())*12+MONTH(TODAY())-1),IF(E16="Quarterly",3,IF(E16="Half-yearly",6,IF(E16="Yearly",12,1)))))+IF(E16="Quarterly",3,IF(E16="Half-yearly",6,IF(E16="Yearly",12,1)))),12)+1,MIN(D16,DAY(EOMONTH(DATE(INT((((YEAR(TODAY())*12+MONTH(TODAY())-1)+MOD((IF(N(F16)=0,MONTH(TODAY()),F16)-1)-(YEAR(TODAY())*12+MONTH(TODAY())-1),IF(E16="Quarterly",3,IF(E16="Half-yearly",6,IF(E16="Yearly",12,1)))))+IF(E16="Quarterly",3,IF(E16="Half-yearly",6,IF(E16="Yearly",12,1))))/12),MOD((((YEAR(TODAY())*12+MONTH(TODAY())-1)+MOD((IF(N(F16)=0,MONTH(TODAY()),F16)-1)-(YEAR(TODAY())*12+MONTH(TODAY())-1),IF(E16="Quarterly",3,IF(E16="Half-yearly",6,IF(E16="Yearly",12,1)))))+IF(E16="Quarterly",3,IF(E16="Half-yearly",6,IF(E16="Yearly",12,1)))),12)+1,1),0)))),DATE(INT(((YEAR(TODAY())*12+MONTH(TODAY())-1)+MOD((IF(N(F16)=0,MONTH(TODAY()),F16)-1)-(YEAR(TODAY())*12+MONTH(TODAY())-1),IF(E16="Quarterly",3,IF(E16="Half-yearly",6,IF(E16="Yearly",12,1)))))/12),MOD(((YEAR(TODAY())*12+MONTH(TODAY())-1)+MOD((IF(N(F16)=0,MONTH(TODAY()),F16)-1)-(YEAR(TODAY())*12+MONTH(TODAY())-1),IF(E16="Quarterly",3,IF(E16="Half-yearly",6,IF(E16="Yearly",12,1))))),12)+1,MIN(D16,DAY(EOMONTH(DATE(INT(((YEAR(TODAY())*12+MONTH(TODAY())-1)+MOD((IF(N(F16)=0,MONTH(TODAY()),F16)-1)-(YEAR(TODAY())*12+MONTH(TODAY())-1),IF(E16="Quarterly",3,IF(E16="Half-yearly",6,IF(E16="Yearly",12,1)))))/12),MOD(((YEAR(TODAY())*12+MONTH(TODAY())-1)+MOD((IF(N(F16)=0,MONTH(TODAY()),F16)-1)-(YEAR(TODAY())*12+MONTH(TODAY())-1),IF(E16="Quarterly",3,IF(E16="Half-yearly",6,IF(E16="Yearly",12,1))))),12)+1,1),0)))))) | I16: =IF(H16="","",H16-TODAY()) | J16: =IF(H16="","",IF(I16=0,"DUE TODAY",IF(I16<=3,"Due in "&I16&" day(s) — pay now",IF(I16<=7,"Due this week","OK"))))
H17: =IF(OR(A17="",N(D17)=0),"",IF(DATE(INT(((YEAR(TODAY())*12+MONTH(TODAY())-1)+MOD((IF(N(F17)=0,MONTH(TODAY()),F17)-1)-(YEAR(TODAY())*12+MONTH(TODAY())-1),IF(E17="Quarterly",3,IF(E17="Half-yearly",6,IF(E17="Yearly",12,1)))))/12),MOD(((YEAR(TODAY())*12+MONTH(TODAY())-1)+MOD((IF(N(F17)=0,MONTH(TODAY()),F17)-1)-(YEAR(TODAY())*12+MONTH(TODAY())-1),IF(E17="Quarterly",3,IF(E17="Half-yearly",6,IF(E17="Yearly",12,1))))),12)+1,MIN(D17,DAY(EOMONTH(DATE(INT(((YEAR(TODAY())*12+MONTH(TODAY())-1)+MOD((IF(N(F17)=0,MONTH(TODAY()),F17)-1)-(YEAR(TODAY())*12+MONTH(TODAY())-1),IF(E17="Quarterly",3,IF(E17="Half-yearly",6,IF(E17="Yearly",12,1)))))/12),MOD(((YEAR(TODAY())*12+MONTH(TODAY())-1)+MOD((IF(N(F17)=0,MONTH(TODAY()),F17)-1)-(YEAR(TODAY())*12+MONTH(TODAY())-1),IF(E17="Quarterly",3,IF(E17="Half-yearly",6,IF(E17="Yearly",12,1))))),12)+1,1),0))))<TODAY(),DATE(INT((((YEAR(TODAY())*12+MONTH(TODAY())-1)+MOD((IF(N(F17)=0,MONTH(TODAY()),F17)-1)-(YEAR(TODAY())*12+MONTH(TODAY())-1),IF(E17="Quarterly",3,IF(E17="Half-yearly",6,IF(E17="Yearly",12,1)))))+IF(E17="Quarterly",3,IF(E17="Half-yearly",6,IF(E17="Yearly",12,1))))/12),MOD((((YEAR(TODAY())*12+MONTH(TODAY())-1)+MOD((IF(N(F17)=0,MONTH(TODAY()),F17)-1)-(YEAR(TODAY())*12+MONTH(TODAY())-1),IF(E17="Quarterly",3,IF(E17="Half-yearly",6,IF(E17="Yearly",12,1)))))+IF(E17="Quarterly",3,IF(E17="Half-yearly",6,IF(E17="Yearly",12,1)))),12)+1,MIN(D17,DAY(EOMONTH(DATE(INT((((YEAR(TODAY())*12+MONTH(TODAY())-1)+MOD((IF(N(F17)=0,MONTH(TODAY()),F17)-1)-(YEAR(TODAY())*12+MONTH(TODAY())-1),IF(E17="Quarterly",3,IF(E17="Half-yearly",6,IF(E17="Yearly",12,1)))))+IF(E17="Quarterly",3,IF(E17="Half-yearly",6,IF(E17="Yearly",12,1))))/12),MOD((((YEAR(TODAY())*12+MONTH(TODAY())-1)+MOD((IF(N(F17)=0,MONTH(TODAY()),F17)-1)-(YEAR(TODAY())*12+MONTH(TODAY())-1),IF(E17="Quarterly",3,IF(E17="Half-yearly",6,IF(E17="Yearly",12,1)))))+IF(E17="Quarterly",3,IF(E17="Half-yearly",6,IF(E17="Yearly",12,1)))),12)+1,1),0)))),DATE(INT(((YEAR(TODAY())*12+MONTH(TODAY())-1)+MOD((IF(N(F17)=0,MONTH(TODAY()),F17)-1)-(YEAR(TODAY())*12+MONTH(TODAY())-1),IF(E17="Quarterly",3,IF(E17="Half-yearly",6,IF(E17="Yearly",12,1)))))/12),MOD(((YEAR(TODAY())*12+MONTH(TODAY())-1)+MOD((IF(N(F17)=0,MONTH(TODAY()),F17)-1)-(YEAR(TODAY())*12+MONTH(TODAY())-1),IF(E17="Quarterly",3,IF(E17="Half-yearly",6,IF(E17="Yearly",12,1))))),12)+1,MIN(D17,DAY(EOMONTH(DATE(INT(((YEAR(TODAY())*12+MONTH(TODAY())-1)+MOD((IF(N(F17)=0,MONTH(TODAY()),F17)-1)-(YEAR(TODAY())*12+MONTH(TODAY())-1),IF(E17="Quarterly",3,IF(E17="Half-yearly",6,IF(E17="Yearly",12,1)))))/12),MOD(((YEAR(TODAY())*12+MONTH(TODAY())-1)+MOD((IF(N(F17)=0,MONTH(TODAY()),F17)-1)-(YEAR(TODAY())*12+MONTH(TODAY())-1),IF(E17="Quarterly",3,IF(E17="Half-yearly",6,IF(E17="Yearly",12,1))))),12)+1,1),0)))))) | I17: =IF(H17="","",H17-TODAY()) | J17: =IF(H17="","",IF(I17=0,"DUE TODAY",IF(I17<=3,"Due in "&I17&" day(s) — pay now",IF(I17<=7,"Due this week","OK"))))
H18: =IF(OR(A18="",N(D18)=0),"",IF(DATE(INT(((YEAR(TODAY())*12+MONTH(TODAY())-1)+MOD((IF(N(F18)=0,MONTH(TODAY()),F18)-1)-(YEAR(TODAY())*12+MONTH(TODAY())-1),IF(E18="Quarterly",3,IF(E18="Half-yearly",6,IF(E18="Yearly",12,1)))))/12),MOD(((YEAR(TODAY())*12+MONTH(TODAY())-1)+MOD((IF(N(F18)=0,MONTH(TODAY()),F18)-1)-(YEAR(TODAY())*12+MONTH(TODAY())-1),IF(E18="Quarterly",3,IF(E18="Half-yearly",6,IF(E18="Yearly",12,1))))),12)+1,MIN(D18,DAY(EOMONTH(DATE(INT(((YEAR(TODAY())*12+MONTH(TODAY())-1)+MOD((IF(N(F18)=0,MONTH(TODAY()),F18)-1)-(YEAR(TODAY())*12+MONTH(TODAY())-1),IF(E18="Quarterly",3,IF(E18="Half-yearly",6,IF(E18="Yearly",12,1)))))/12),MOD(((YEAR(TODAY())*12+MONTH(TODAY())-1)+MOD((IF(N(F18)=0,MONTH(TODAY()),F18)-1)-(YEAR(TODAY())*12+MONTH(TODAY())-1),IF(E18="Quarterly",3,IF(E18="Half-yearly",6,IF(E18="Yearly",12,1))))),12)+1,1),0))))<TODAY(),DATE(INT((((YEAR(TODAY())*12+MONTH(TODAY())-1)+MOD((IF(N(F18)=0,MONTH(TODAY()),F18)-1)-(YEAR(TODAY())*12+MONTH(TODAY())-1),IF(E18="Quarterly",3,IF(E18="Half-yearly",6,IF(E18="Yearly",12,1)))))+IF(E18="Quarterly",3,IF(E18="Half-yearly",6,IF(E18="Yearly",12,1))))/12),MOD((((YEAR(TODAY())*12+MONTH(TODAY())-1)+MOD((IF(N(F18)=0,MONTH(TODAY()),F18)-1)-(YEAR(TODAY())*12+MONTH(TODAY())-1),IF(E18="Quarterly",3,IF(E18="Half-yearly",6,IF(E18="Yearly",12,1)))))+IF(E18="Quarterly",3,IF(E18="Half-yearly",6,IF(E18="Yearly",12,1)))),12)+1,MIN(D18,DAY(EOMONTH(DATE(INT((((YEAR(TODAY())*12+MONTH(TODAY())-1)+MOD((IF(N(F18)=0,MONTH(TODAY()),F18)-1)-(YEAR(TODAY())*12+MONTH(TODAY())-1),IF(E18="Quarterly",3,IF(E18="Half-yearly",6,IF(E18="Yearly",12,1)))))+IF(E18="Quarterly",3,IF(E18="Half-yearly",6,IF(E18="Yearly",12,1))))/12),MOD((((YEAR(TODAY())*12+MONTH(TODAY())-1)+MOD((IF(N(F18)=0,MONTH(TODAY()),F18)-1)-(YEAR(TODAY())*12+MONTH(TODAY())-1),IF(E18="Quarterly",3,IF(E18="Half-yearly",6,IF(E18="Yearly",12,1)))))+IF(E18="Quarterly",3,IF(E18="Half-yearly",6,IF(E18="Yearly",12,1)))),12)+1,1),0)))),DATE(INT(((YEAR(TODAY())*12+MONTH(TODAY())-1)+MOD((IF(N(F18)=0,MONTH(TODAY()),F18)-1)-(YEAR(TODAY())*12+MONTH(TODAY())-1),IF(E18="Quarterly",3,IF(E18="Half-yearly",6,IF(E18="Yearly",12,1)))))/12),MOD(((YEAR(TODAY())*12+MONTH(TODAY())-1)+MOD((IF(N(F18)=0,MONTH(TODAY()),F18)-1)-(YEAR(TODAY())*12+MONTH(TODAY())-1),IF(E18="Quarterly",3,IF(E18="Half-yearly",6,IF(E18="Yearly",12,1))))),12)+1,MIN(D18,DAY(EOMONTH(DATE(INT(((YEAR(TODAY())*12+MONTH(TODAY())-1)+MOD((IF(N(F18)=0,MONTH(TODAY()),F18)-1)-(YEAR(TODAY())*12+MONTH(TODAY())-1),IF(E18="Quarterly",3,IF(E18="Half-yearly",6,IF(E18="Yearly",12,1)))))/12),MOD(((YEAR(TODAY())*12+MONTH(TODAY())-1)+MOD((IF(N(F18)=0,MONTH(TODAY()),F18)-1)-(YEAR(TODAY())*12+MONTH(TODAY())-1),IF(E18="Quarterly",3,IF(E18="Half-yearly",6,IF(E18="Yearly",12,1))))),12)+1,1),0)))))) | I18: =IF(H18="","",H18-TODAY()) | J18: =IF(H18="","",IF(I18=0,"DUE TODAY",IF(I18<=3,"Due in "&I18&" day(s) — pay now",IF(I18<=7,"Due this week","OK"))))
H19: =IF(OR(A19="",N(D19)=0),"",IF(DATE(INT(((YEAR(TODAY())*12+MONTH(TODAY())-1)+MOD((IF(N(F19)=0,MONTH(TODAY()),F19)-1)-(YEAR(TODAY())*12+MONTH(TODAY())-1),IF(E19="Quarterly",3,IF(E19="Half-yearly",6,IF(E19="Yearly",12,1)))))/12),MOD(((YEAR(TODAY())*12+MONTH(TODAY())-1)+MOD((IF(N(F19)=0,MONTH(TODAY()),F19)-1)-(YEAR(TODAY())*12+MONTH(TODAY())-1),IF(E19="Quarterly",3,IF(E19="Half-yearly",6,IF(E19="Yearly",12,1))))),12)+1,MIN(D19,DAY(EOMONTH(DATE(INT(((YEAR(TODAY())*12+MONTH(TODAY())-1)+MOD((IF(N(F19)=0,MONTH(TODAY()),F19)-1)-(YEAR(TODAY())*12+MONTH(TODAY())-1),IF(E19="Quarterly",3,IF(E19="Half-yearly",6,IF(E19="Yearly",12,1)))))/12),MOD(((YEAR(TODAY())*12+MONTH(TODAY())-1)+MOD((IF(N(F19)=0,MONTH(TODAY()),F19)-1)-(YEAR(TODAY())*12+MONTH(TODAY())-1),IF(E19="Quarterly",3,IF(E19="Half-yearly",6,IF(E19="Yearly",12,1))))),12)+1,1),0))))<TODAY(),DATE(INT((((YEAR(TODAY())*12+MONTH(TODAY())-1)+MOD((IF(N(F19)=0,MONTH(TODAY()),F19)-1)-(YEAR(TODAY())*12+MONTH(TODAY())-1),IF(E19="Quarterly",3,IF(E19="Half-yearly",6,IF(E19="Yearly",12,1)))))+IF(E19="Quarterly",3,IF(E19="Half-yearly",6,IF(E19="Yearly",12,1))))/12),MOD((((YEAR(TODAY())*12+MONTH(TODAY())-1)+MOD((IF(N(F19)=0,MONTH(TODAY()),F19)-1)-(YEAR(TODAY())*12+MONTH(TODAY())-1),IF(E19="Quarterly",3,IF(E19="Half-yearly",6,IF(E19="Yearly",12,1)))))+IF(E19="Quarterly",3,IF(E19="Half-yearly",6,IF(E19="Yearly",12,1)))),12)+1,MIN(D19,DAY(EOMONTH(DATE(INT((((YEAR(TODAY())*12+MONTH(TODAY())-1)+MOD((IF(N(F19)=0,MONTH(TODAY()),F19)-1)-(YEAR(TODAY())*12+MONTH(TODAY())-1),IF(E19="Quarterly",3,IF(E19="Half-yearly",6,IF(E19="Yearly",12,1)))))+IF(E19="Quarterly",3,IF(E19="Half-yearly",6,IF(E19="Yearly",12,1))))/12),MOD((((YEAR(TODAY())*12+MONTH(TODAY())-1)+MOD((IF(N(F19)=0,MONTH(TODAY()),F19)-1)-(YEAR(TODAY())*12+MONTH(TODAY())-1),IF(E19="Quarterly",3,IF(E19="Half-yearly",6,IF(E19="Yearly",12,1)))))+IF(E19="Quarterly",3,IF(E19="Half-yearly",6,IF(E19="Yearly",12,1)))),12)+1,1),0)))),DATE(INT(((YEAR(TODAY())*12+MONTH(TODAY())-1)+MOD((IF(N(F19)=0,MONTH(TODAY()),F19)-1)-(YEAR(TODAY())*12+MONTH(TODAY())-1),IF(E19="Quarterly",3,IF(E19="Half-yearly",6,IF(E19="Yearly",12,1)))))/12),MOD(((YEAR(TODAY())*12+MONTH(TODAY())-1)+MOD((IF(N(F19)=0,MONTH(TODAY()),F19)-1)-(YEAR(TODAY())*12+MONTH(TODAY())-1),IF(E19="Quarterly",3,IF(E19="Half-yearly",6,IF(E19="Yearly",12,1))))),12)+1,MIN(D19,DAY(EOMONTH(DATE(INT(((YEAR(TODAY())*12+MONTH(TODAY())-1)+MOD((IF(N(F19)=0,MONTH(TODAY()),F19)-1)-(YEAR(TODAY())*12+MONTH(TODAY())-1),IF(E19="Quarterly",3,IF(E19="Half-yearly",6,IF(E19="Yearly",12,1)))))/12),MOD(((YEAR(TODAY())*12+MONTH(TODAY())-1)+MOD((IF(N(F19)=0,MONTH(TODAY()),F19)-1)-(YEAR(TODAY())*12+MONTH(TODAY())-1),IF(E19="Quarterly",3,IF(E19="Half-yearly",6,IF(E19="Yearly",12,1))))),12)+1,1),0)))))) | I19: =IF(H19="","",H19-TODAY()) | J19: =IF(H19="","",IF(I19=0,"DUE TODAY",IF(I19<=3,"Due in "&I19&" day(s) — pay now",IF(I19<=7,"Due this week","OK"))))
H20: =IF(OR(A20="",N(D20)=0),"",IF(DATE(INT(((YEAR(TODAY())*12+MONTH(TODAY())-1)+MOD((IF(N(F20)=0,MONTH(TODAY()),F20)-1)-(YEAR(TODAY())*12+MONTH(TODAY())-1),IF(E20="Quarterly",3,IF(E20="Half-yearly",6,IF(E20="Yearly",12,1)))))/12),MOD(((YEAR(TODAY())*12+MONTH(TODAY())-1)+MOD((IF(N(F20)=0,MONTH(TODAY()),F20)-1)-(YEAR(TODAY())*12+MONTH(TODAY())-1),IF(E20="Quarterly",3,IF(E20="Half-yearly",6,IF(E20="Yearly",12,1))))),12)+1,MIN(D20,DAY(EOMONTH(DATE(INT(((YEAR(TODAY())*12+MONTH(TODAY())-1)+MOD((IF(N(F20)=0,MONTH(TODAY()),F20)-1)-(YEAR(TODAY())*12+MONTH(TODAY())-1),IF(E20="Quarterly",3,IF(E20="Half-yearly",6,IF(E20="Yearly",12,1)))))/12),MOD(((YEAR(TODAY())*12+MONTH(TODAY())-1)+MOD((IF(N(F20)=0,MONTH(TODAY()),F20)-1)-(YEAR(TODAY())*12+MONTH(TODAY())-1),IF(E20="Quarterly",3,IF(E20="Half-yearly",6,IF(E20="Yearly",12,1))))),12)+1,1),0))))<TODAY(),DATE(INT((((YEAR(TODAY())*12+MONTH(TODAY())-1)+MOD((IF(N(F20)=0,MONTH(TODAY()),F20)-1)-(YEAR(TODAY())*12+MONTH(TODAY())-1),IF(E20="Quarterly",3,IF(E20="Half-yearly",6,IF(E20="Yearly",12,1)))))+IF(E20="Quarterly",3,IF(E20="Half-yearly",6,IF(E20="Yearly",12,1))))/12),MOD((((YEAR(TODAY())*12+MONTH(TODAY())-1)+MOD((IF(N(F20)=0,MONTH(TODAY()),F20)-1)-(YEAR(TODAY())*12+MONTH(TODAY())-1),IF(E20="Quarterly",3,IF(E20="Half-yearly",6,IF(E20="Yearly",12,1)))))+IF(E20="Quarterly",3,IF(E20="Half-yearly",6,IF(E20="Yearly",12,1)))),12)+1,MIN(D20,DAY(EOMONTH(DATE(INT((((YEAR(TODAY())*12+MONTH(TODAY())-1)+MOD((IF(N(F20)=0,MONTH(TODAY()),F20)-1)-(YEAR(TODAY())*12+MONTH(TODAY())-1),IF(E20="Quarterly",3,IF(E20="Half-yearly",6,IF(E20="Yearly",12,1)))))+IF(E20="Quarterly",3,IF(E20="Half-yearly",6,IF(E20="Yearly",12,1))))/12),MOD((((YEAR(TODAY())*12+MONTH(TODAY())-1)+MOD((IF(N(F20)=0,MONTH(TODAY()),F20)-1)-(YEAR(TODAY())*12+MONTH(TODAY())-1),IF(E20="Quarterly",3,IF(E20="Half-yearly",6,IF(E20="Yearly",12,1)))))+IF(E20="Quarterly",3,IF(E20="Half-yearly",6,IF(E20="Yearly",12,1)))),12)+1,1),0)))),DATE(INT(((YEAR(TODAY())*12+MONTH(TODAY())-1)+MOD((IF(N(F20)=0,MONTH(TODAY()),F20)-1)-(YEAR(TODAY())*12+MONTH(TODAY())-1),IF(E20="Quarterly",3,IF(E20="Half-yearly",6,IF(E20="Yearly",12,1)))))/12),MOD(((YEAR(TODAY())*12+MONTH(TODAY())-1)+MOD((IF(N(F20)=0,MONTH(TODAY()),F20)-1)-(YEAR(TODAY())*12+MONTH(TODAY())-1),IF(E20="Quarterly",3,IF(E20="Half-yearly",6,IF(E20="Yearly",12,1))))),12)+1,MIN(D20,DAY(EOMONTH(DATE(INT(((YEAR(TODAY())*12+MONTH(TODAY())-1)+MOD((IF(N(F20)=0,MONTH(TODAY()),F20)-1)-(YEAR(TODAY())*12+MONTH(TODAY())-1),IF(E20="Quarterly",3,IF(E20="Half-yearly",6,IF(E20="Yearly",12,1)))))/12),MOD(((YEAR(TODAY())*12+MONTH(TODAY())-1)+MOD((IF(N(F20)=0,MONTH(TODAY()),F20)-1)-(YEAR(TODAY())*12+MONTH(TODAY())-1),IF(E20="Quarterly",3,IF(E20="Half-yearly",6,IF(E20="Yearly",12,1))))),12)+1,1),0)))))) | I20: =IF(H20="","",H20-TODAY()) | J20: =IF(H20="","",IF(I20=0,"DUE TODAY",IF(I20<=3,"Due in "&I20&" day(s) — pay now",IF(I20<=7,"Due this week","OK"))))
H21: =IF(OR(A21="",N(D21)=0),"",IF(DATE(INT(((YEAR(TODAY())*12+MONTH(TODAY())-1)+MOD((IF(N(F21)=0,MONTH(TODAY()),F21)-1)-(YEAR(TODAY())*12+MONTH(TODAY())-1),IF(E21="Quarterly",3,IF(E21="Half-yearly",6,IF(E21="Yearly",12,1)))))/12),MOD(((YEAR(TODAY())*12+MONTH(TODAY())-1)+MOD((IF(N(F21)=0,MONTH(TODAY()),F21)-1)-(YEAR(TODAY())*12+MONTH(TODAY())-1),IF(E21="Quarterly",3,IF(E21="Half-yearly",6,IF(E21="Yearly",12,1))))),12)+1,MIN(D21,DAY(EOMONTH(DATE(INT(((YEAR(TODAY())*12+MONTH(TODAY())-1)+MOD((IF(N(F21)=0,MONTH(TODAY()),F21)-1)-(YEAR(TODAY())*12+MONTH(TODAY())-1),IF(E21="Quarterly",3,IF(E21="Half-yearly",6,IF(E21="Yearly",12,1)))))/12),MOD(((YEAR(TODAY())*12+MONTH(TODAY())-1)+MOD((IF(N(F21)=0,MONTH(TODAY()),F21)-1)-(YEAR(TODAY())*12+MONTH(TODAY())-1),IF(E21="Quarterly",3,IF(E21="Half-yearly",6,IF(E21="Yearly",12,1))))),12)+1,1),0))))<TODAY(),DATE(INT((((YEAR(TODAY())*12+MONTH(TODAY())-1)+MOD((IF(N(F21)=0,MONTH(TODAY()),F21)-1)-(YEAR(TODAY())*12+MONTH(TODAY())-1),IF(E21="Quarterly",3,IF(E21="Half-yearly",6,IF(E21="Yearly",12,1)))))+IF(E21="Quarterly",3,IF(E21="Half-yearly",6,IF(E21="Yearly",12,1))))/12),MOD((((YEAR(TODAY())*12+MONTH(TODAY())-1)+MOD((IF(N(F21)=0,MONTH(TODAY()),F21)-1)-(YEAR(TODAY())*12+MONTH(TODAY())-1),IF(E21="Quarterly",3,IF(E21="Half-yearly",6,IF(E21="Yearly",12,1)))))+IF(E21="Quarterly",3,IF(E21="Half-yearly",6,IF(E21="Yearly",12,1)))),12)+1,MIN(D21,DAY(EOMONTH(DATE(INT((((YEAR(TODAY())*12+MONTH(TODAY())-1)+MOD((IF(N(F21)=0,MONTH(TODAY()),F21)-1)-(YEAR(TODAY())*12+MONTH(TODAY())-1),IF(E21="Quarterly",3,IF(E21="Half-yearly",6,IF(E21="Yearly",12,1)))))+IF(E21="Quarterly",3,IF(E21="Half-yearly",6,IF(E21="Yearly",12,1))))/12),MOD((((YEAR(TODAY())*12+MONTH(TODAY())-1)+MOD((IF(N(F21)=0,MONTH(TODAY()),F21)-1)-(YEAR(TODAY())*12+MONTH(TODAY())-1),IF(E21="Quarterly",3,IF(E21="Half-yearly",6,IF(E21="Yearly",12,1)))))+IF(E21="Quarterly",3,IF(E21="Half-yearly",6,IF(E21="Yearly",12,1)))),12)+1,1),0)))),DATE(INT(((YEAR(TODAY())*12+MONTH(TODAY())-1)+MOD((IF(N(F21)=0,MONTH(TODAY()),F21)-1)-(YEAR(TODAY())*12+MONTH(TODAY())-1),IF(E21="Quarterly",3,IF(E21="Half-yearly",6,IF(E21="Yearly",12,1)))))/12),MOD(((YEAR(TODAY())*12+MONTH(TODAY())-1)+MOD((IF(N(F21)=0,MONTH(TODAY()),F21)-1)-(YEAR(TODAY())*12+MONTH(TODAY())-1),IF(E21="Quarterly",3,IF(E21="Half-yearly",6,IF(E21="Yearly",12,1))))),12)+1,MIN(D21,DAY(EOMONTH(DATE(INT(((YEAR(TODAY())*12+MONTH(TODAY())-1)+MOD((IF(N(F21)=0,MONTH(TODAY()),F21)-1)-(YEAR(TODAY())*12+MONTH(TODAY())-1),IF(E21="Quarterly",3,IF(E21="Half-yearly",6,IF(E21="Yearly",12,1)))))/12),MOD(((YEAR(TODAY())*12+MONTH(TODAY())-1)+MOD((IF(N(F21)=0,MONTH(TODAY()),F21)-1)-(YEAR(TODAY())*12+MONTH(TODAY())-1),IF(E21="Quarterly",3,IF(E21="Half-yearly",6,IF(E21="Yearly",12,1))))),12)+1,1),0)))))) | I21: =IF(H21="","",H21-TODAY()) | J21: =IF(H21="","",IF(I21=0,"DUE TODAY",IF(I21<=3,"Due in "&I21&" day(s) — pay now",IF(I21<=7,"Due this week","OK"))))
H22: =IF(OR(A22="",N(D22)=0),"",IF(DATE(INT(((YEAR(TODAY())*12+MONTH(TODAY())-1)+MOD((IF(N(F22)=0,MONTH(TODAY()),F22)-1)-(YEAR(TODAY())*12+MONTH(TODAY())-1),IF(E22="Quarterly",3,IF(E22="Half-yearly",6,IF(E22="Yearly",12,1)))))/12),MOD(((YEAR(TODAY())*12+MONTH(TODAY())-1)+MOD((IF(N(F22)=0,MONTH(TODAY()),F22)-1)-(YEAR(TODAY())*12+MONTH(TODAY())-1),IF(E22="Quarterly",3,IF(E22="Half-yearly",6,IF(E22="Yearly",12,1))))),12)+1,MIN(D22,DAY(EOMONTH(DATE(INT(((YEAR(TODAY())*12+MONTH(TODAY())-1)+MOD((IF(N(F22)=0,MONTH(TODAY()),F22)-1)-(YEAR(TODAY())*12+MONTH(TODAY())-1),IF(E22="Quarterly",3,IF(E22="Half-yearly",6,IF(E22="Yearly",12,1)))))/12),MOD(((YEAR(TODAY())*12+MONTH(TODAY())-1)+MOD((IF(N(F22)=0,MONTH(TODAY()),F22)-1)-(YEAR(TODAY())*12+MONTH(TODAY())-1),IF(E22="Quarterly",3,IF(E22="Half-yearly",6,IF(E22="Yearly",12,1))))),12)+1,1),0))))<TODAY(),DATE(INT((((YEAR(TODAY())*12+MONTH(TODAY())-1)+MOD((IF(N(F22)=0,MONTH(TODAY()),F22)-1)-(YEAR(TODAY())*12+MONTH(TODAY())-1),IF(E22="Quarterly",3,IF(E22="Half-yearly",6,IF(E22="Yearly",12,1)))))+IF(E22="Quarterly",3,IF(E22="Half-yearly",6,IF(E22="Yearly",12,1))))/12),MOD((((YEAR(TODAY())*12+MONTH(TODAY())-1)+MOD((IF(N(F22)=0,MONTH(TODAY()),F22)-1)-(YEAR(TODAY())*12+MONTH(TODAY())-1),IF(E22="Quarterly",3,IF(E22="Half-yearly",6,IF(E22="Yearly",12,1)))))+IF(E22="Quarterly",3,IF(E22="Half-yearly",6,IF(E22="Yearly",12,1)))),12)+1,MIN(D22,DAY(EOMONTH(DATE(INT((((YEAR(TODAY())*12+MONTH(TODAY())-1)+MOD((IF(N(F22)=0,MONTH(TODAY()),F22)-1)-(YEAR(TODAY())*12+MONTH(TODAY())-1),IF(E22="Quarterly",3,IF(E22="Half-yearly",6,IF(E22="Yearly",12,1)))))+IF(E22="Quarterly",3,IF(E22="Half-yearly",6,IF(E22="Yearly",12,1))))/12),MOD((((YEAR(TODAY())*12+MONTH(TODAY())-1)+MOD((IF(N(F22)=0,MONTH(TODAY()),F22)-1)-(YEAR(TODAY())*12+MONTH(TODAY())-1),IF(E22="Quarterly",3,IF(E22="Half-yearly",6,IF(E22="Yearly",12,1)))))+IF(E22="Quarterly",3,IF(E22="Half-yearly",6,IF(E22="Yearly",12,1)))),12)+1,1),0)))),DATE(INT(((YEAR(TODAY())*12+MONTH(TODAY())-1)+MOD((IF(N(F22)=0,MONTH(TODAY()),F22)-1)-(YEAR(TODAY())*12+MONTH(TODAY())-1),IF(E22="Quarterly",3,IF(E22="Half-yearly",6,IF(E22="Yearly",12,1)))))/12),MOD(((YEAR(TODAY())*12+MONTH(TODAY())-1)+MOD((IF(N(F22)=0,MONTH(TODAY()),F22)-1)-(YEAR(TODAY())*12+MONTH(TODAY())-1),IF(E22="Quarterly",3,IF(E22="Half-yearly",6,IF(E22="Yearly",12,1))))),12)+1,MIN(D22,DAY(EOMONTH(DATE(INT(((YEAR(TODAY())*12+MONTH(TODAY())-1)+MOD((IF(N(F22)=0,MONTH(TODAY()),F22)-1)-(YEAR(TODAY())*12+MONTH(TODAY())-1),IF(E22="Quarterly",3,IF(E22="Half-yearly",6,IF(E22="Yearly",12,1)))))/12),MOD(((YEAR(TODAY())*12+MONTH(TODAY())-1)+MOD((IF(N(F22)=0,MONTH(TODAY()),F22)-1)-(YEAR(TODAY())*12+MONTH(TODAY())-1),IF(E22="Quarterly",3,IF(E22="Half-yearly",6,IF(E22="Yearly",12,1))))),12)+1,1),0)))))) | I22: =IF(H22="","",H22-TODAY()) | J22: =IF(H22="","",IF(I22=0,"DUE TODAY",IF(I22<=3,"Due in "&I22&" day(s) — pay now",IF(I22<=7,"Due this week","OK"))))
... H44: =IF(OR(A44="",N(D44)=0),"",IF(DATE(INT(((YEAR(TODAY())*12+MONTH(TODAY())-1)+MOD((IF(N(F44)=0,MONTH(TODAY()),F44)-1)-(YEAR(TODAY())*12+MONTH(TODAY())-1),IF(E44="Quarterly",3,IF(E44="Half-yearly",6,IF(E44="Yearly",12,1)))))/12),MOD(((YEAR(TODAY())*12+MONTH(TODAY())-1)+MOD((IF(N(F44)=0,MONTH(TODAY()),F44)-1)-(YEAR(TODAY())*12+MONTH(TODAY())-1),IF(E44="Quarterly",3,IF(E44="Half-yearly",6,IF(E44="Yearly",12,1))))),12)+1,MIN(D44,DAY(EOMONTH(DATE(INT(((YEAR(TODAY())*12+MONTH(TODAY())-1)+MOD((IF(N(F44)=0,MONTH(TODAY()),F44)-1)-(YEAR(TODAY())*12+MONTH(TODAY())-1),IF(E44="Quarterly",3,IF(E44="Half-yearly",6,IF(E44="Yearly",12,1)))))/12),MOD(((YEAR(TODAY())*12+MONTH(TODAY())-1)+MOD((IF(N(F44)=0,MONTH(TODAY()),F44)-1)-(YEAR(TODAY())*12+MONTH(TODAY())-1),IF(E44="Quarterly",3,IF(E44="Half-yearly",6,IF(E44="Yearly",12,1))))),12)+1,1),0))))<TODAY(),DATE(INT((((YEAR(TODAY())*12+MONTH(TODAY())-1)+MOD((IF(N(F44)=0,MONTH(TODAY()),F44)-1)-(YEAR(TODAY())*12+MONTH(TODAY())-1),IF(E44="Quarterly",3,IF(E44="Half-yearly",6,IF(E44="Yearly",12,1)))))+IF(E44="Quarterly",3,IF(E44="Half-yearly",6,IF(E44="Yearly",12,1))))/12),MOD((((YEAR(TODAY())*12+MONTH(TODAY())-1)+MOD((IF(N(F44)=0,MONTH(TODAY()),F44)-1)-(YEAR(TODAY())*12+MONTH(TODAY())-1),IF(E44="Quarterly",3,IF(E44="Half-yearly",6,IF(E44="Yearly",12,1)))))+IF(E44="Quarterly",3,IF(E44="Half-yearly",6,IF(E44="Yearly",12,1)))),12)+1,MIN(D44,DAY(EOMONTH(DATE(INT((((YEAR(TODAY())*12+MONTH(TODAY())-1)+MOD((IF(N(F44)=0,MONTH(TODAY()),F44)-1)-(YEAR(TODAY())*12+MONTH(TODAY())-1),IF(E44="Quarterly",3,IF(E44="Half-yearly",6,IF(E44="Yearly",12,1)))))+IF(E44="Quarterly",3,IF(E44="Half-yearly",6,IF(E44="Yearly",12,1))))/12),MOD((((YEAR(TODAY())*12+MONTH(TODAY())-1)+MOD((IF(N(F44)=0,MONTH(TODAY()),F44)-1)-(YEAR(TODAY())*12+MONTH(TODAY())-1),IF(E44="Quarterly",3,IF(E44="Half-yearly",6,IF(E44="Yearly",12,1)))))+IF(E44="Quarterly",3,IF(E44="Half-yearly",6,IF(E44="Yearly",12,1)))),12)+1,1),0)))),DATE(INT(((YEAR(TODAY())*12+MONTH(TODAY())-1)+MOD((IF(N(F44)=0,MONTH(TODAY()),F44)-1)-(YEAR(TODAY())*12+MONTH(TODAY())-1),IF(E44="Quarterly",3,IF(E44="Half-yearly",6,IF(E44="Yearly",12,1)))))/12),MOD(((YEAR(TODAY())*12+MONTH(TODAY())-1)+MOD((IF(N(F44)=0,MONTH(TODAY()),F44)-1)-(YEAR(TODAY())*12+MONTH(TODAY())-1),IF(E44="Quarterly",3,IF(E44="Half-yearly",6,IF(E44="Yearly",12,1))))),12)+1,MIN(D44,DAY(EOMONTH(DATE(INT(((YEAR(TODAY())*12+MONTH(TODAY())-1)+MOD((IF(N(F44)=0,MONTH(TODAY()),F44)-1)-(YEAR(TODAY())*12+MONTH(TODAY())-1),IF(E44="Quarterly",3,IF(E44="Half-yearly",6,IF(E44="Yearly",12,1)))))/12),MOD(((YEAR(TODAY())*12+MONTH(TODAY())-1)+MOD((IF(N(F44)=0,MONTH(TODAY()),F44)-1)-(YEAR(TODAY())*12+MONTH(TODAY())-1),IF(E44="Quarterly",3,IF(E44="Half-yearly",6,IF(E44="Yearly",12,1))))),12)+1,1),0)))))) | I44: =IF(H44="","",H44-TODAY()) | J44: =IF(H44="","",IF(I44=0,"DUE TODAY",IF(I44<=3,"Due in "&I44&" day(s) — pay now",IF(I44<=7,"Due this week","OK"))))

Sheet Paid Register
A1: Paid Register
A2: Type Y in the month you paid. Year starts in the month you choose in B3.
A3: First month | B3: =DATE(YEAR(TODAY()),MONTH(TODAY()),1)
A5: Bill / EMI | B5: =EDATE($B$3,0) | C5: =EDATE($B$3,1) | D5: =EDATE($B$3,2) | E5: =EDATE($B$3,3) | F5: =EDATE($B$3,4) | G5: =EDATE($B$3,5) | H5: =EDATE($B$3,6) | I5: =EDATE($B$3,7) | J5: =EDATE($B$3,8) | K5: =EDATE($B$3,9) | L5: =EDATE($B$3,10) | M5: =EDATE($B$3,11)
A6: =IF('My Bills'!A5="","",'My Bills'!A5)
A7: =IF('My Bills'!A6="","",'My Bills'!A6)
A8: =IF('My Bills'!A7="","",'My Bills'!A7)
A9: =IF('My Bills'!A8="","",'My Bills'!A8)
A10: =IF('My Bills'!A9="","",'My Bills'!A9)
A11: =IF('My Bills'!A10="","",'My Bills'!A10)
A12: =IF('My Bills'!A11="","",'My Bills'!A11)
A13: =IF('My Bills'!A12="","",'My Bills'!A12)
A14: =IF('My Bills'!A13="","",'My Bills'!A13)
A15: =IF('My Bills'!A14="","",'My Bills'!A14)
A16: =IF('My Bills'!A15="","",'My Bills'!A15)
A17: =IF('My Bills'!A16="","",'My Bills'!A16)
... A45: =IF('My Bills'!A44="","",'My Bills'!A44)

Sheet Summary
A1: Summary
A4: Average monthly commitment | B4: =SUMPRODUCT('My Bills'!$C$5:$C$44/IF('My Bills'!$E$5:$E$44="Quarterly",3,IF('My Bills'!$E$5:$E$44="Half-yearly",6,IF('My Bills'!$E$5:$E$44="Yearly",12,1))))
A5: Yearly commitment | B5: =B4*12
A6: Bills due in the next 7 days | B6: =COUNTIFS('My Bills'!I5:I44,">=0",'My Bills'!I5:I44,"<=7")
A7: Amount due in the next 7 days | B7: =SUMIFS('My Bills'!C5:C44,'My Bills'!I5:I44,">=0",'My Bills'!I5:I44,"<=7")
A10: Tax, GST or accounts question? Rajput Lalit & Associates — WhatsApp +91 93549 53603 · www.rajputlalitassociates.in
