Workbook

Sheet How to use
B1: Inventory & Stock Tracker
B2: Rajput Lalit & Associates · www.rajputlalitassociates.in · WhatsApp +91 93549 53603
B4: Steps
A5: 1 | B5: List your products once in 'Items': code, name, unit, opening stock, purchase rate, selling rate and the reorder level (the quantity at which you want to re-order).
A6: 2 | B6: Every purchase / goods received → one line in 'Stock In'. Every sale / goods issued → one line in 'Stock Out'. Pick the item code from the drop-down.
A7: 3 | B7: 'Stock Summary' shows current stock, its value and which items to reorder (red) or are finished.
A8: 4 | B8: 'Dashboard' gives total stock value, items to reorder and the month's sales.
B10: Good to know
B11: • Stock value is at purchase rate — the way it is usually valued for accounts (cost or market, whichever is lower).
B12: • Do a physical count every few months and adjust with an entry so the sheet matches the shelf.
B14: Cells shaded light yellow are for your entries. White cells contain formulas — please don't type over them.
B16: Licensed for use in your own business. Please do not resell or share publicly. This template is a working aid, not professional advice.

Sheet Dashboard
A1: Dashboard
A4: Total stock value (at cost) | B4: =SUM('Stock Summary'!G5:G304)
A5: Items to reorder | B5: =COUNTIF('Stock Summary'!H5:H304,"REORDER") | C5: Filter 'Stock Summary' column H to see them
A6: Items out of stock | B6: =COUNTIF('Stock Summary'!H5:H304,"OUT OF STOCK")
A7: Sales this month | B7: =SUMIFS('Stock Out'!F5:F3004,'Stock Out'!A5:A3004,">="&DATE(YEAR(TODAY()),MONTH(TODAY()),1))
A8: Purchases this month | B8: =SUMIFS('Stock In'!F5:F3004,'Stock In'!A5:A3004,">="&DATE(YEAR(TODAY()),MONTH(TODAY()),1))
A11: Tax, GST or accounts question? Rajput Lalit & Associates — WhatsApp +91 93549 53603 · www.rajputlalitassociates.in

Sheet Items
A1: Items
A4: Item code | B4: Item name | C4: Category | D4: Unit | E4: Opening stock | F4: Purchase rate (₹) | G4: Selling rate (₹) | H4: Reorder level | I4: HSN (optional)
A5: A001 | B5: Sample item 1 | C5: General | D5: Pcs | E5: 50 | F5: 80 | G5: 120 | H5: 10
A6: A002 | B6: Sample item 2 | C6: General | D6: Kg | E6: 20 | F6: 45 | G6: 60 | H6: 5

Sheet Stock Summary
A1: Stock Summary
A2: Updates by itself
A4: Item code | B4: Item name | C4: Opening | D4: In | E4: Out | F4: In stock | G4: Stock value (₹) | H4: Status | I4: Sales value (₹)
A5: =IF(Items!A5="","",Items!A5) | B5: =IF(A5="","",Items!B5) | C5: =IF(A5="","",N(Items!E5)) | D5: =IF(A5="","",SUMIF('Stock In'!$B$5:$B$3004,A5,'Stock In'!$D$5:$D$3004)) | E5: =IF(A5="","",SUMIF('Stock Out'!$B$5:$B$3004,A5,'Stock Out'!$D$5:$D$3004)) | F5: =IF(A5="","",C5+D5-E5) | G5: =IF(A5="","",F5*N(Items!F5)) | H5: =IF(A5="","",IF(F5<=0,"OUT OF STOCK",IF(F5<=N(Items!H5),"REORDER","OK"))) | I5: =IF(A5="","",SUMIF('Stock Out'!$B$5:$B$3004,A5,'Stock Out'!$F$5:$F$3004))
A6: =IF(Items!A6="","",Items!A6) | B6: =IF(A6="","",Items!B6) | C6: =IF(A6="","",N(Items!E6)) | D6: =IF(A6="","",SUMIF('Stock In'!$B$5:$B$3004,A6,'Stock In'!$D$5:$D$3004)) | E6: =IF(A6="","",SUMIF('Stock Out'!$B$5:$B$3004,A6,'Stock Out'!$D$5:$D$3004)) | F6: =IF(A6="","",C6+D6-E6) | G6: =IF(A6="","",F6*N(Items!F6)) | H6: =IF(A6="","",IF(F6<=0,"OUT OF STOCK",IF(F6<=N(Items!H6),"REORDER","OK"))) | I6: =IF(A6="","",SUMIF('Stock Out'!$B$5:$B$3004,A6,'Stock Out'!$F$5:$F$3004))
A7: =IF(Items!A7="","",Items!A7) | B7: =IF(A7="","",Items!B7) | C7: =IF(A7="","",N(Items!E7)) | D7: =IF(A7="","",SUMIF('Stock In'!$B$5:$B$3004,A7,'Stock In'!$D$5:$D$3004)) | E7: =IF(A7="","",SUMIF('Stock Out'!$B$5:$B$3004,A7,'Stock Out'!$D$5:$D$3004)) | F7: =IF(A7="","",C7+D7-E7) | G7: =IF(A7="","",F7*N(Items!F7)) | H7: =IF(A7="","",IF(F7<=0,"OUT OF STOCK",IF(F7<=N(Items!H7),"REORDER","OK"))) | I7: =IF(A7="","",SUMIF('Stock Out'!$B$5:$B$3004,A7,'Stock Out'!$F$5:$F$3004))
A8: =IF(Items!A8="","",Items!A8) | B8: =IF(A8="","",Items!B8) | C8: =IF(A8="","",N(Items!E8)) | D8: =IF(A8="","",SUMIF('Stock In'!$B$5:$B$3004,A8,'Stock In'!$D$5:$D$3004)) | E8: =IF(A8="","",SUMIF('Stock Out'!$B$5:$B$3004,A8,'Stock Out'!$D$5:$D$3004)) | F8: =IF(A8="","",C8+D8-E8) | G8: =IF(A8="","",F8*N(Items!F8)) | H8: =IF(A8="","",IF(F8<=0,"OUT OF STOCK",IF(F8<=N(Items!H8),"REORDER","OK"))) | I8: =IF(A8="","",SUMIF('Stock Out'!$B$5:$B$3004,A8,'Stock Out'!$F$5:$F$3004))
A9: =IF(Items!A9="","",Items!A9) | B9: =IF(A9="","",Items!B9) | C9: =IF(A9="","",N(Items!E9)) | D9: =IF(A9="","",SUMIF('Stock In'!$B$5:$B$3004,A9,'Stock In'!$D$5:$D$3004)) | E9: =IF(A9="","",SUMIF('Stock Out'!$B$5:$B$3004,A9,'Stock Out'!$D$5:$D$3004)) | F9: =IF(A9="","",C9+D9-E9) | G9: =IF(A9="","",F9*N(Items!F9)) | H9: =IF(A9="","",IF(F9<=0,"OUT OF STOCK",IF(F9<=N(Items!H9),"REORDER","OK"))) | I9: =IF(A9="","",SUMIF('Stock Out'!$B$5:$B$3004,A9,'Stock Out'!$F$5:$F$3004))
A10: =IF(Items!A10="","",Items!A10) | B10: =IF(A10="","",Items!B10) | C10: =IF(A10="","",N(Items!E10)) | D10: =IF(A10="","",SUMIF('Stock In'!$B$5:$B$3004,A10,'Stock In'!$D$5:$D$3004)) | E10: =IF(A10="","",SUMIF('Stock Out'!$B$5:$B$3004,A10,'Stock Out'!$D$5:$D$3004)) | F10: =IF(A10="","",C10+D10-E10) | G10: =IF(A10="","",F10*N(Items!F10)) | H10: =IF(A10="","",IF(F10<=0,"OUT OF STOCK",IF(F10<=N(Items!H10),"REORDER","OK"))) | I10: =IF(A10="","",SUMIF('Stock Out'!$B$5:$B$3004,A10,'Stock Out'!$F$5:$F$3004))
A11: =IF(Items!A11="","",Items!A11) | B11: =IF(A11="","",Items!B11) | C11: =IF(A11="","",N(Items!E11)) | D11: =IF(A11="","",SUMIF('Stock In'!$B$5:$B$3004,A11,'Stock In'!$D$5:$D$3004)) | E11: =IF(A11="","",SUMIF('Stock Out'!$B$5:$B$3004,A11,'Stock Out'!$D$5:$D$3004)) | F11: =IF(A11="","",C11+D11-E11) | G11: =IF(A11="","",F11*N(Items!F11)) | H11: =IF(A11="","",IF(F11<=0,"OUT OF STOCK",IF(F11<=N(Items!H11),"REORDER","OK"))) | I11: =IF(A11="","",SUMIF('Stock Out'!$B$5:$B$3004,A11,'Stock Out'!$F$5:$F$3004))
A12: =IF(Items!A12="","",Items!A12) | B12: =IF(A12="","",Items!B12) | C12: =IF(A12="","",N(Items!E12)) | D12: =IF(A12="","",SUMIF('Stock In'!$B$5:$B$3004,A12,'Stock In'!$D$5:$D$3004)) | E12: =IF(A12="","",SUMIF('Stock Out'!$B$5:$B$3004,A12,'Stock Out'!$D$5:$D$3004)) | F12: =IF(A12="","",C12+D12-E12) | G12: =IF(A12="","",F12*N(Items!F12)) | H12: =IF(A12="","",IF(F12<=0,"OUT OF STOCK",IF(F12<=N(Items!H12),"REORDER","OK"))) | I12: =IF(A12="","",SUMIF('Stock Out'!$B$5:$B$3004,A12,'Stock Out'!$F$5:$F$3004))
A13: =IF(Items!A13="","",Items!A13) | B13: =IF(A13="","",Items!B13) | C13: =IF(A13="","",N(Items!E13)) | D13: =IF(A13="","",SUMIF('Stock In'!$B$5:$B$3004,A13,'Stock In'!$D$5:$D$3004)) | E13: =IF(A13="","",SUMIF('Stock Out'!$B$5:$B$3004,A13,'Stock Out'!$D$5:$D$3004)) | F13: =IF(A13="","",C13+D13-E13) | G13: =IF(A13="","",F13*N(Items!F13)) | H13: =IF(A13="","",IF(F13<=0,"OUT OF STOCK",IF(F13<=N(Items!H13),"REORDER","OK"))) | I13: =IF(A13="","",SUMIF('Stock Out'!$B$5:$B$3004,A13,'Stock Out'!$F$5:$F$3004))
A14: =IF(Items!A14="","",Items!A14) | B14: =IF(A14="","",Items!B14) | C14: =IF(A14="","",N(Items!E14)) | D14: =IF(A14="","",SUMIF('Stock In'!$B$5:$B$3004,A14,'Stock In'!$D$5:$D$3004)) | E14: =IF(A14="","",SUMIF('Stock Out'!$B$5:$B$3004,A14,'Stock Out'!$D$5:$D$3004)) | F14: =IF(A14="","",C14+D14-E14) | G14: =IF(A14="","",F14*N(Items!F14)) | H14: =IF(A14="","",IF(F14<=0,"OUT OF STOCK",IF(F14<=N(Items!H14),"REORDER","OK"))) | I14: =IF(A14="","",SUMIF('Stock Out'!$B$5:$B$3004,A14,'Stock Out'!$F$5:$F$3004))
A15: =IF(Items!A15="","",Items!A15) | B15: =IF(A15="","",Items!B15) | C15: =IF(A15="","",N(Items!E15)) | D15: =IF(A15="","",SUMIF('Stock In'!$B$5:$B$3004,A15,'Stock In'!$D$5:$D$3004)) | E15: =IF(A15="","",SUMIF('Stock Out'!$B$5:$B$3004,A15,'Stock Out'!$D$5:$D$3004)) | F15: =IF(A15="","",C15+D15-E15) | G15: =IF(A15="","",F15*N(Items!F15)) | H15: =IF(A15="","",IF(F15<=0,"OUT OF STOCK",IF(F15<=N(Items!H15),"REORDER","OK"))) | I15: =IF(A15="","",SUMIF('Stock Out'!$B$5:$B$3004,A15,'Stock Out'!$F$5:$F$3004))
A16: =IF(Items!A16="","",Items!A16) | B16: =IF(A16="","",Items!B16) | C16: =IF(A16="","",N(Items!E16)) | D16: =IF(A16="","",SUMIF('Stock In'!$B$5:$B$3004,A16,'Stock In'!$D$5:$D$3004)) | E16: =IF(A16="","",SUMIF('Stock Out'!$B$5:$B$3004,A16,'Stock Out'!$D$5:$D$3004)) | F16: =IF(A16="","",C16+D16-E16) | G16: =IF(A16="","",F16*N(Items!F16)) | H16: =IF(A16="","",IF(F16<=0,"OUT OF STOCK",IF(F16<=N(Items!H16),"REORDER","OK"))) | I16: =IF(A16="","",SUMIF('Stock Out'!$B$5:$B$3004,A16,'Stock Out'!$F$5:$F$3004))
... A304: =IF(Items!A304="","",Items!A304) | B304: =IF(A304="","",Items!B304) | C304: =IF(A304="","",N(Items!E304)) | D304: =IF(A304="","",SUMIF('Stock In'!$B$5:$B$3004,A304,'Stock In'!$D$5:$D$3004)) | E304: =IF(A304="","",SUMIF('Stock Out'!$B$5:$B$3004,A304,'Stock Out'!$D$5:$D$3004)) | F304: =IF(A304="","",C304+D304-E304) | G304: =IF(A304="","",F304*N(Items!F304)) | H304: =IF(A304="","",IF(F304<=0,"OUT OF STOCK",IF(F304<=N(Items!H304),"REORDER","OK"))) | I304: =IF(A304="","",SUMIF('Stock Out'!$B$5:$B$3004,A304,'Stock Out'!$F$5:$F$3004))

Sheet Stock In
A1: Stock In
A4: Date | B4: Item code | C4: Item name | D4: Quantity | E4: Rate (₹) | F4: Amount (₹) | G4: Supplier
C5: =IF(B5="","",IFERROR(INDEX(Items!$B$5:$B$304,MATCH(B5,Items!$A$5:$A$304,0)),"Unknown code")) | F5: =IF(OR(D5="",E5=""),"",D5*E5)
C6: =IF(B6="","",IFERROR(INDEX(Items!$B$5:$B$304,MATCH(B6,Items!$A$5:$A$304,0)),"Unknown code")) | F6: =IF(OR(D6="",E6=""),"",D6*E6)
C7: =IF(B7="","",IFERROR(INDEX(Items!$B$5:$B$304,MATCH(B7,Items!$A$5:$A$304,0)),"Unknown code")) | F7: =IF(OR(D7="",E7=""),"",D7*E7)
C8: =IF(B8="","",IFERROR(INDEX(Items!$B$5:$B$304,MATCH(B8,Items!$A$5:$A$304,0)),"Unknown code")) | F8: =IF(OR(D8="",E8=""),"",D8*E8)
C9: =IF(B9="","",IFERROR(INDEX(Items!$B$5:$B$304,MATCH(B9,Items!$A$5:$A$304,0)),"Unknown code")) | F9: =IF(OR(D9="",E9=""),"",D9*E9)
C10: =IF(B10="","",IFERROR(INDEX(Items!$B$5:$B$304,MATCH(B10,Items!$A$5:$A$304,0)),"Unknown code")) | F10: =IF(OR(D10="",E10=""),"",D10*E10)
C11: =IF(B11="","",IFERROR(INDEX(Items!$B$5:$B$304,MATCH(B11,Items!$A$5:$A$304,0)),"Unknown code")) | F11: =IF(OR(D11="",E11=""),"",D11*E11)
C12: =IF(B12="","",IFERROR(INDEX(Items!$B$5:$B$304,MATCH(B12,Items!$A$5:$A$304,0)),"Unknown code")) | F12: =IF(OR(D12="",E12=""),"",D12*E12)
C13: =IF(B13="","",IFERROR(INDEX(Items!$B$5:$B$304,MATCH(B13,Items!$A$5:$A$304,0)),"Unknown code")) | F13: =IF(OR(D13="",E13=""),"",D13*E13)
C14: =IF(B14="","",IFERROR(INDEX(Items!$B$5:$B$304,MATCH(B14,Items!$A$5:$A$304,0)),"Unknown code")) | F14: =IF(OR(D14="",E14=""),"",D14*E14)
C15: =IF(B15="","",IFERROR(INDEX(Items!$B$5:$B$304,MATCH(B15,Items!$A$5:$A$304,0)),"Unknown code")) | F15: =IF(OR(D15="",E15=""),"",D15*E15)
C16: =IF(B16="","",IFERROR(INDEX(Items!$B$5:$B$304,MATCH(B16,Items!$A$5:$A$304,0)),"Unknown code")) | F16: =IF(OR(D16="",E16=""),"",D16*E16)
... C3004: =IF(B3004="","",IFERROR(INDEX(Items!$B$5:$B$304,MATCH(B3004,Items!$A$5:$A$304,0)),"Unknown code")) | F3004: =IF(OR(D3004="",E3004=""),"",D3004*E3004)

Sheet Stock Out
A1: Stock Out
A4: Date | B4: Item code | C4: Item name | D4: Quantity | E4: Rate (₹) | F4: Amount (₹) | G4: Customer
C5: =IF(B5="","",IFERROR(INDEX(Items!$B$5:$B$304,MATCH(B5,Items!$A$5:$A$304,0)),"Unknown code")) | F5: =IF(OR(D5="",E5=""),"",D5*E5)
C6: =IF(B6="","",IFERROR(INDEX(Items!$B$5:$B$304,MATCH(B6,Items!$A$5:$A$304,0)),"Unknown code")) | F6: =IF(OR(D6="",E6=""),"",D6*E6)
C7: =IF(B7="","",IFERROR(INDEX(Items!$B$5:$B$304,MATCH(B7,Items!$A$5:$A$304,0)),"Unknown code")) | F7: =IF(OR(D7="",E7=""),"",D7*E7)
C8: =IF(B8="","",IFERROR(INDEX(Items!$B$5:$B$304,MATCH(B8,Items!$A$5:$A$304,0)),"Unknown code")) | F8: =IF(OR(D8="",E8=""),"",D8*E8)
C9: =IF(B9="","",IFERROR(INDEX(Items!$B$5:$B$304,MATCH(B9,Items!$A$5:$A$304,0)),"Unknown code")) | F9: =IF(OR(D9="",E9=""),"",D9*E9)
C10: =IF(B10="","",IFERROR(INDEX(Items!$B$5:$B$304,MATCH(B10,Items!$A$5:$A$304,0)),"Unknown code")) | F10: =IF(OR(D10="",E10=""),"",D10*E10)
C11: =IF(B11="","",IFERROR(INDEX(Items!$B$5:$B$304,MATCH(B11,Items!$A$5:$A$304,0)),"Unknown code")) | F11: =IF(OR(D11="",E11=""),"",D11*E11)
C12: =IF(B12="","",IFERROR(INDEX(Items!$B$5:$B$304,MATCH(B12,Items!$A$5:$A$304,0)),"Unknown code")) | F12: =IF(OR(D12="",E12=""),"",D12*E12)
C13: =IF(B13="","",IFERROR(INDEX(Items!$B$5:$B$304,MATCH(B13,Items!$A$5:$A$304,0)),"Unknown code")) | F13: =IF(OR(D13="",E13=""),"",D13*E13)
C14: =IF(B14="","",IFERROR(INDEX(Items!$B$5:$B$304,MATCH(B14,Items!$A$5:$A$304,0)),"Unknown code")) | F14: =IF(OR(D14="",E14=""),"",D14*E14)
C15: =IF(B15="","",IFERROR(INDEX(Items!$B$5:$B$304,MATCH(B15,Items!$A$5:$A$304,0)),"Unknown code")) | F15: =IF(OR(D15="",E15=""),"",D15*E15)
C16: =IF(B16="","",IFERROR(INDEX(Items!$B$5:$B$304,MATCH(B16,Items!$A$5:$A$304,0)),"Unknown code")) | F16: =IF(OR(D16="",E16=""),"",D16*E16)
... C3004: =IF(B3004="","",IFERROR(INDEX(Items!$B$5:$B$304,MATCH(B3004,Items!$A$5:$A$304,0)),"Unknown code")) | F3004: =IF(OR(D3004="",E3004=""),"",D3004*E3004)
